Variable,Condition,BR,Share,All,Bad,Good,Logit,GRP,Type,Bad share,Good share,Infomration Value,Share test,Bad share test,Population Stability Index_x,Population Stability Index for bads_x,Gini train,Gini test,R. Gini,Population Stability Index_y,Population Stability Index for bads_y
act_ccss_min_lninst,6.500 <= act_ccss_min_lninst,0.7958297132927888,0.2882544452792387,1151,916,235,1.360430534168447,0,INT,0.4501228501228501,0.1200204290091931,0.4361471201390327,0.240521327014218,0.3726027397260274,0.008638071271633574,0.01464831829401251,0.5009587078024258,0.490353762118569,0.0211693010195949,0.02294800237606485,0.05313321172795519
act_ccss_min_lninst,3.5 <= act_ccss_min_lninst < 6.5,0.6863905325443787,0.1269722013523666,507,348,159,0.7832979359799034,1,INT,0.171007371007371,0.08120531154239019,0.06681990859742903,0.1362559241706161,0.2328767123287671,0.0006546242342950361,0.01909580152610747,0.5009587078024258,0.490353762118569,0.0211693010195949,0.02294800237606485,0.05313321172795519
act_ccss_min_lninst,1.5 <= act_ccss_min_lninst < 3.5,0.4859154929577465,0.07112446781868269,284,138,146,-0.05635289684498539,2,INT,0.06781326781326781,0.0745658835546476,0.0006400929876988977,0.06635071090047394,0.09863013698630137,0.0003311838026149965,0.01153040344819073,0.5009587078024258,0.490353762118569,0.0211693010195949,0.02294800237606485,0.05313321172795519
act_ccss_min_lninst,act_ccss_min_lninst = Missing,0.3655430711610487,0.3343350864012021,1335,488,847,-0.5513852019446429,3,INT,0.2398034398034398,0.4325842696629214,0.1136966940297277,0.3258293838862559,0.2082191780821918,0.0002191243768401176,0.004458595296187042,0.5009587078024258,0.490353762118569,0.0211693010195949,0.02294800237606485,0.05313321172795519
act_ccss_min_lninst,act_ccss_min_lninst < 1.5,0.2025139664804469,0.1793137991485099,716,145,571,-1.370654952711834,4,INT,0.07125307125307126,0.2916241062308478,0.3103194673625641,0.231042654028436,0.08767123287671233,0.01310499869068113,0.003400093163457434,0.5009587078024258,0.490353762118569,0.0211693010195949,0.02294800237606485,0.05313321172795519
ags12_Min_CMaxA_Days,ags12_Min_CMaxA_Days < 8.5,0.7946666666666666,0.09391435011269722,375,298,77,1.353287101521679,0,INT,0.1464373464373464,0.03932584269662921,0.1406222816767167,0.06279620853080568,0.08493150684931507,0.01250829633723933,0.03347507377083807,0.4979382762835265,0.4866588497726427,0.02265225841859413,0.01978327431797397,0.03972923357723279
ags12_Min_CMaxA_Days,8.5 <= ags12_Min_CMaxA_Days < 12.5,0.728494623655914,0.3726521412471825,1488,1084,404,0.9869981487646379,1,INT,0.5326781326781327,0.2063329928498468,0.3094173583731202,0.3672985781990522,0.5863013698630137,7.744675885305875e-05,0.005142436835784885,0.4979382762835265,0.4866588497726427,0.02265225841859413,0.01978327431797397,0.03972923357723279
ags12_Min_CMaxA_Days,12.5 <= ags12_Min_CMaxA_Days < 13.5,0.4521072796934866,0.1307287753568745,522,236,286,-0.1921599317158072,2,INT,0.115970515970516,0.1460674157303371,0.00693898305375408,0.1184834123222749,0.1178082191780822,0.001203386057375351,2.886777315351015e-05,0.4979382762835265,0.4866588497726427,0.02265225841859413,0.01978327431797397,0.03972923357723279
ags12_Min_CMaxA_Days,ags12_Min_CMaxA_Days = Missing,0.2946341463414634,0.2566992236413724,1025,302,723,-0.8729820119706989,3,INT,0.1484029484029484,0.3692543411644535,0.2012291097753662,0.2808056872037915,0.1589041095890411,0.002162938742516296,0.0007174943136592325,0.4979382762835265,0.4866588497726427,0.02265225841859413,0.01978327431797397,0.03972923357723279
ags12_Min_CMaxA_Days,13.500 <= ags12_Min_CMaxA_Days,0.1972555746140652,0.1460055096418733,583,115,468,-1.403535511664748,4,INT,0.05651105651105651,0.2390194075587334,0.2629504999845562,0.1706161137440758,0.05205479452054795,0.003831206421989935,0.0003653608837971014,0.4979382762835265,0.4866588497726427,0.02265225841859413,0.01978327431797397,0.03972923357723279
ags9_Min_CMaxC_Days,ags9_Min_CMaxC_Days < 11.5,0.7774269928966061,0.317305284247433,1267,985,282,1.250734317146947,0,INT,0.484029484029484,0.1440245148110317,0.4119754489238476,0.292654028436019,0.473972602739726,0.001992972521585961,0.00021111324367252,0.4915181966254489,0.4810364057539966,0.02132533636275468,0.01500221125752964,0.01297272670509093
ags9_Min_CMaxC_Days,11.5 <= ags9_Min_CMaxC_Days < 12.5,0.7289972899728997,0.09241172051089407,369,269,100,0.9895405653613905,1,INT,0.1321867321867322,0.05107252298263534,0.07703976564286351,0.0971563981042654,0.1479452054794521,0.000237307070553841,0.001773551390383681,0.4915181966254489,0.4810364057539966,0.02132533636275468,0.01500221125752964,0.01297272670509093
ags9_Min_CMaxC_Days,12.5 <= ags9_Min_CMaxC_Days < 13.5,0.438177874186551,0.1154520410718758,461,202,259,-0.2485602553492621,2,INT,0.09926289926289926,0.1322778345250255,0.009471371489343466,0.0971563981042654,0.09863013698630137,0.003153624184969578,4.04243852324523e-06,0.4915181966254489,0.4810364057539966,0.02132533636275468,0.01500221125752964,0.01297272670509093
ags9_Min_CMaxC_Days,ags9_Min_CMaxC_Days = Missing,0.3627300613496933,0.3265715001252191,1304,473,831,-0.5635343152839832,3,INT,0.2324324324324324,0.4244126659856997,0.115555231890391,0.3246445497630332,0.2054794520547945,1.140023654439766e-05,0.003320529622984874,0.4915181966254489,0.4810364057539966,0.02132533636275468,0.01500221125752964,0.01297272670509093
ags9_Min_CMaxC_Days,13.500 <= ags9_Min_CMaxC_Days,0.1790540540540541,0.148259454044578,592,106,486,-1.522768792153941,4,INT,0.05208845208845209,0.2482124616956078,0.3059194536070345,0.1883886255924171,0.07397260273972603,0.009606907243875867,0.007663490009526609,0.4915181966254489,0.4810364057539966,0.02132533636275468,0.01500221125752964,0.01297272670509093
act12_n_good_days,4.500 <= act12_n_good_days,0.758274231678487,0.4237415477084899,1692,1283,409,1.143241042016407,0,INT,0.6304668304668305,0.2088866189989786,0.4655716511365047,0.3850710900473934,0.6273972602739726,0.003699682030088527,1.497901408329349e-05,0.4840272252938238,0.5013927417279147,0.03587714807477893,0.01161177413453514,0.01696188428399513
act12_n_good_days,3.5 <= act12_n_good_days < 4.5,0.5521885521885522,0.0743801652892562,297,164,133,0.2095171574789398,1,INT,0.08058968058968059,0.067926455566905,0.002161789940851125,0.07227488151658767,0.07945205479452055,6.036596666627594e-05,1.615327231266686e-05,0.4840272252938238,0.5013927417279147,0.03587714807477893,0.01161177413453514,0.01696188428399513
act12_n_good_days,2.5 <= act12_n_good_days < 3.5,0.4202453987730062,0.08164287503130478,326,137,189,-0.3217658884051656,2,INT,0.06732186732186732,0.0965270684371808,0.01051064543869187,0.08649289099526067,0.06575342465753424,0.0002795504177765625,3.691796028650765e-05,0.4840272252938238,0.5013927417279147,0.03587714807477893,0.01161177413453514,0.01696188428399513
act12_n_good_days,act12_n_good_days = Missing,0.2764578833693305,0.2319058352116203,926,256,670,-0.9621000265342458,3,INT,0.1257985257985258,0.3421859039836568,0.2164241927566833,0.2748815165876777,0.1589041095890411,0.007303345734603479,0.007728624889355929,0.4840272252938238,0.5013927417279147,0.03587714807477893,0.01161177413453514,0.01696188428399513
act12_n_good_days,act12_n_good_days < 2.5,0.2593085106382979,0.1883295767593288,752,195,557,-1.049565348076353,4,INT,0.09582309582309582,0.2844739530132789,0.2051476907598338,0.1812796208530806,0.0684931506849315,0.0002688299854002974,0.00916520914795673,0.4840272252938238,0.5013927417279147,0.03587714807477893,0.01161177413453514,0.01696188428399513
agr12_Mean_CMaxA_Days,agr12_Mean_CMaxA_Days < 14.375,0.7678437265214124,0.3333333333333333,1331,1022,309,1.196175268088715,0,INT,0.5022113022113022,0.1578140960163432,0.3985257232890297,0.3270142180094787,0.5342465753424658,0.0001209070765538704,0.001980567771461504,0.4703001357751102,0.464323505019018,0.01270812041387578,0.006079030319301573,0.0140370131761075
agr12_Mean_CMaxA_Days,14.375 <= agr12_Mean_CMaxA_Days < 14.542,0.6612903225806451,0.04658151765589782,186,123,63,0.6690488546883568,1,INT,0.06044226044226044,0.03217568947906026,0.01778044599343248,0.04265402843601896,0.0547945205479452,0.000345166979406739,0.0005530724666694201,0.4703001357751102,0.464323505019018,0.01270812041387578,0.006079030319301573,0.0140370131761075
agr12_Mean_CMaxA_Days,agr12_Mean_CMaxA_Days = Missing,0.4404984423676013,0.4019534184823441,1605,707,898,-0.2391393723214895,2,INT,0.3474201474201474,0.4586312563840654,0.03087686348308639,0.3815165876777251,0.3013698630136986,0.001066159915534775,0.006546167068624835,0.4703001357751102,0.464323505019018,0.01270812041387578,0.006079030319301573,0.0140370131761075
agr12_Mean_CMaxA_Days,14.542 <= agr12_Mean_CMaxA_Days < 14.708,0.38996138996139,0.06486351114450288,259,101,158,-0.4474741589983797,3,INT,0.04963144963144963,0.08069458631256383,0.01507408412692562,0.06872037914691943,0.0547945205479452,0.0002224416390340552,0.000509987561637943,0.4703001357751102,0.464323505019018,0.01270812041387578,0.006079030319301573,0.0140370131761075
agr12_Mean_CMaxA_Days,14.708 <= agr12_Mean_CMaxA_Days,0.1339869281045752,0.1532682193839218,612,82,530,-1.86615672844969,4,INT,0.0402948402948403,0.2706843718079673,0.4383439071193336,0.1800947867298578,0.0547945205479452,0.004324354708772134,0.004447218307713797,0.4703001357751102,0.464323505019018,0.01270812041387578,0.006079030319301573,0.0140370131761075
act_ccss_n_statC,act_ccss_n_statC < 1.5,0.651890482398957,0.5762584522915102,2301,1500,801,0.6273593818446694,0,INT,0.7371007371007371,0.4090909090909091,0.1930923034030695,0.4312796208530806,0.5589041095890411,0.04200635318959178,0.0493076128529476,0.4213555927549799,0.4082134584036377,0.03119012676540992,0.142999048036378,0.1692973670323071
act_ccss_n_statC,1.5 <= act_ccss_n_statC < 6.5,0.6203007518796992,0.1332331580265464,532,330,202,0.4908247650401958,1,INT,0.1621621621621622,0.1031664964249234,0.02666016030921671,0.2227488151658768,0.3150684931506849,0.04597905836545053,0.1015136083257855,0.4213555927549799,0.4082134584036377,0.03119012676540992,0.142999048036378,0.1692973670323071
act_ccss_n_statC,act_ccss_n_statC = Missing,0.3531157270029673,0.0843976959679439,337,119,218,-0.6053711880572694,2,INT,0.05847665847665848,0.1113381001021451,0.03399693663762941,0.1078199052132701,0.09315068493150686,0.005730596376817579,0.01612186564178066,0.4213555927549799,0.4082134584036377,0.03119012676540992,0.142999048036378,0.1692973670323071
act_ccss_n_statC,6.5 <= act_ccss_n_statC < 10.5,0.2697674418604651,0.05384422739794641,215,58,157,-0.9958017076079163,3,INT,0.0285012285012285,0.08018386108273749,0.0533426242913876,0.02251184834123223,0.02191780821917808,0.02724277213796816,0.001722210112628724,0.4213555927549799,0.4082134584036377,0.03119012676540992,0.142999048036378,0.1692973670323071
act_ccss_n_statC,10.500 <= act_ccss_n_statC,0.04605263157894737,0.1522664663160531,608,28,580,-3.030820194356845,4,INT,0.01375921375921376,0.296220633299285,0.8650357878935142,0.2156398104265403,0.01095890410958904,0.02204026796654992,0.0006320700991646048,0.4213555927549799,0.4082134584036377,0.03119012676540992,0.142999048036378,0.1692973670323071
agr12_Mean_CMaxC_Days,agr12_Mean_CMaxC_Days < 14.375,0.741871921182266,0.2541948409717005,1015,753,262,1.055720475161596,0,INT,0.37002457002457,0.1338100102145046,0.2401526382286333,0.283175355450237,0.473972602739726,0.00312772280774244,0.02572930599402069,0.4106388959300094,0.4512197214516545,0.09882362806800901,0.02078944904696788,0.07963624764651486
agr12_Mean_CMaxC_Days,14.375 <= agr12_Mean_CMaxC_Days < 14.542,0.5658914728682171,0.03230653643876785,129,73,56,0.2651073345626259,1,INT,0.03587223587223587,0.02860061287027579,0.001642142901775743,0.02725118483412322,0.02191780821917808,0.0008573891249132626,0.006850170271112078,0.4106388959300094,0.4512197214516545,0.09882362806800901,0.02078944904696788,0.07963624764651486
agr12_Mean_CMaxC_Days,agr12_Mean_CMaxC_Days = Missing,0.5283198476915755,0.5261707988980716,2101,1110,991,0.1134007491583095,2,INT,0.5454545454545454,0.5061287027579162,0.002942133152949793,0.462085308056872,0.4246575342465753,0.008321500774844625,0.03023359460392962,0.4106388959300094,0.4512197214516545,0.09882362806800901,0.02078944904696788,0.07963624764651486
agr12_Mean_CMaxC_Days,14.542 <= agr12_Mean_CMaxC_Days < 14.708,0.2616822429906542,0.05359378913097922,214,56,158,-1.037242189490318,3,INT,0.02751842751842752,0.08069458631256383,0.05708071123499456,0.05924170616113744,0.03835616438356165,0.0005648765943641089,0.003587678801485846,0.4106388959300094,0.4512197214516545,0.09882362806800901,0.02078944904696788,0.07963624764651486
agr12_Mean_CMaxC_Days,14.708 <= agr12_Mean_CMaxC_Days,0.08052434456928839,0.1337340345604808,534,43,491,-2.435241890188234,4,INT,0.02113022113022113,0.2507660878447395,0.5670843010250456,0.1682464454976303,0.0410958904109589,0.007917959745103448,0.01323549797596662,0.4106388959300094,0.4512197214516545,0.09882362806800901,0.02078944904696788,0.07963624764651486
agr6_Mean_CMaxA_Days,agr6_Mean_CMaxA_Days < 14.417,0.7398485891259463,0.3638868019033308,1453,1075,378,1.045181573415197,0,INT,0.5282555282555282,0.1930541368743616,0.3373067575516778,0.3210900473933649,0.4958904109589041,0.005353215457512273,0.002045890084203639,0.4050025975460092,0.3750679211828296,0.07391230709274388,0.01611382921776126,0.01813935017871799
agr6_Mean_CMaxA_Days,14.417 <= agr6_Mean_CMaxA_Days < 14.583,0.5783582089552238,0.06711745554720762,268,155,113,0.3160370584126275,1,INT,0.07616707616707617,0.05771195097037794,0.005112915323730762,0.05805687203791469,0.07671232876712329,0.001311872093658953,3.884280256872329e-06,0.4050025975460092,0.3750679211828296,0.07391230709274388,0.01611382921776126,0.01813935017871799
agr6_Mean_CMaxA_Days,14.583 <= agr6_Mean_CMaxA_Days < 14.75,0.3961661341853035,0.07838717756073128,313,124,189,-0.4214651721037069,2,INT,0.06093366093366093,0.0965270684371808,0.01635279962075533,0.09123222748815166,0.07397260273972603,0.001946904199538042,0.002524602517211323,0.4050025975460092,0.3750679211828296,0.07391230709274388,0.01611382921776126,0.01813935017871799
agr6_Mean_CMaxA_Days,agr6_Mean_CMaxA_Days = Missing,0.3894582723279649,0.3420986726771851,1366,532,834,-0.4495898449512648,3,INT,0.2614250614250614,0.4259448416751788,0.08028803612319403,0.3459715639810427,0.2465753424657534,4.3585918911781e-05,0.0008680707196218256,0.4050025975460092,0.3750679211828296,0.07391230709274388,0.01611382921776126,0.01813935017871799
agr6_Mean_CMaxA_Days,14.750 <= agr6_Mean_CMaxA_Days,0.2512647554806071,0.1485098923115452,593,149,444,-1.091877810571251,4,INT,0.07321867321867322,0.2267620020429009,0.173431271865874,0.1836492890995261,0.1068493150684932,0.007458251548140209,0.01269690257742433,0.4050025975460092,0.3750679211828296,0.07391230709274388,0.01611382921776126,0.01813935017871799
agr6_Mean_CMaxC_Days,agr6_Mean_CMaxC_Days < 14.25,0.7512908777969018,0.2910092662158778,1162,873,289,1.105508636253999,0,INT,0.428992628992629,0.1475995914198161,0.3001035333869136,0.2808056872037915,0.4383561643835616,0.0003640606554512978,0.0002021308781736219,0.3971015402067497,0.3810106672005034,0.04052080230630352,0.02222943627788453,0.04369742452719287
agr6_Mean_CMaxC_Days,14.25 <= agr6_Mean_CMaxC_Days < 14.583,0.5478036175710594,0.09691960931630353,387,212,175,0.1918002010180921,1,INT,0.1041769041769042,0.08937691521961184,0.002265423054584122,0.08175355450236967,0.1095890410958904,0.002577947018463089,0.0002738517598337131,0.3971015402067497,0.3810106672005034,0.04052080230630352,0.02222943627788453,0.04369742452719287
agr6_Mean_CMaxC_Days,agr6_Mean_CMaxC_Days = Missing,0.4597156398104265,0.4227397946406211,1688,776,912,-0.1614874506742584,2,INT,0.3813267813267813,0.4657814096016343,0.016891956569648,0.3886255924170616,0.3123287671232877,0.002869676268827531,0.01376803012146552,0.3971015402067497,0.3810106672005034,0.04052080230630352,0.02222943627788453,0.04369742452719287
agr6_Mean_CMaxC_Days,14.583 <= agr6_Mean_CMaxC_Days < 14.75,0.3215686274509804,0.0638617580766341,255,82,173,-0.7465717057565893,3,INT,0.0402948402948403,0.08835546475995915,0.03766978004884029,0.08056872037914692,0.0547945205479452,0.003877109922675796,0.004447218307713797,0.3971015402067497,0.3810106672005034,0.04052080230630352,0.02222943627788453,0.04369742452719287
agr6_Mean_CMaxC_Days,14.750 <= agr6_Mean_CMaxC_Days,0.1836327345309381,0.1254695717505635,501,92,409,-1.491925736536578,4,INT,0.04520884520884521,0.2088866189989786,0.2502253353663168,0.1682464454976303,0.08493150684931507,0.01254064241246681,0.02500619346000622,0.3971015402067497,0.3810106672005034,0.04052080230630352,0.02222943627788453,0.04369742452719287
ags3_Mean_CMaxA_Days,ags3_Mean_CMaxA_Days < 14.167,0.7265275707898659,0.3360881542699725,1342,975,367,0.9770754530278473,0,INT,0.4791154791154791,0.1874361593462717,0.2736473167569909,0.2867298578199052,0.4410958904109589,0.007837197975953166,0.003142751498609513,0.3921830178214245,0.3648411359281609,0.0697171490115703,0.0203291455745466,0.03328309279112374
ags3_Mean_CMaxA_Days,14.167 <= ags3_Mean_CMaxA_Days < 14.583,0.6182212581344902,0.1154520410718758,461,285,176,0.4820049679259734,1,INT,0.14004914004914,0.0898876404494382,0.02222329039931123,0.1042654028436019,0.1095890410958904,0.001139054495820203,0.007464481127880277,0.3921830178214245,0.3648411359281609,0.0697171490115703,0.0203291455745466,0.03328309279112374
ags3_Mean_CMaxA_Days,14.583 <= ags3_Mean_CMaxA_Days < 14.833,0.4590818363273453,0.1254695717505635,501,230,271,-0.1640394461776132,2,INT,0.113022113022113,0.1384065372829418,0.005139067646230957,0.1623222748815166,0.1589041095890411,0.009483660522814102,0.01562108397334477,0.3921830178214245,0.3648411359281609,0.0697171490115703,0.0203291455745466,0.03328309279112374
ags3_Mean_CMaxA_Days,14.833 <= ags3_Mean_CMaxA_Days,0.3415061295971979,0.143000250438267,571,195,376,-0.6565893379631779,3,INT,0.09582309582309582,0.1920326864147089,0.0668309745120196,0.1587677725118483,0.1232876712328767,0.001648128628757022,0.006915151977430716,0.3921830178214245,0.3648411359281609,0.0697171490115703,0.0203291455745466,0.03328309279112374
ags3_Mean_CMaxA_Days,ags3_Mean_CMaxA_Days = Missing,0.3130590339892665,0.2799899824693213,1118,350,768,-0.7858564231582927,4,INT,0.171990171990172,0.3922369765066394,0.1815059442598597,0.287914691943128,0.1671232876712329,0.0002211039512021069,0.0001396242138584609,0.3921830178214245,0.3648411359281609,0.0697171490115703,0.0203291455745466,0.03328309279112374
act3_n_good_days,2.500 <= act3_n_good_days,0.7116704805491991,0.1094415226646632,437,311,126,0.903510533120634,0,INT,0.1528255528255528,0.06435137895812053,0.07644523361073391,0.09360189573459715,0.1506849315068493,0.00247391623129458,3.017568208678538e-05,0.389750108544797,0.3606657705836931,0.07462304005429415,0.01976619173023408,0.02055158504129299
act3_n_good_days,1.5 <= act3_n_good_days < 2.5,0.7114583333333333,0.2404207362885049,960,683,277,0.9024771387855601,1,INT,0.3356265356265356,0.1414708886618999,0.1676526973280947,0.2132701421800948,0.2986301369863014,0.003252040959574951,0.004319563823061043,0.389750108544797,0.3606657705836931,0.07462304005429415,0.01976619173023408,0.02055158504129299
act3_n_good_days,0.5 <= act3_n_good_days < 1.5,0.552319309600863,0.2321562734785875,927,512,415,0.2100460591574641,2,INT,0.2515970515970516,0.2119509703779367,0.006795319133462735,0.2582938388625592,0.2821917808219178,0.002787402476929911,0.00350967533201778,0.389750108544797,0.3606657705836931,0.07462304005429415,0.01976619173023408,0.02055158504129299
act3_n_good_days,act3_n_good_days < 0.5,0.3674293405114401,0.1860756323566241,743,273,470,-0.5432607459847802,3,INT,0.1341523341523342,0.2400408580183861,0.06157465733459917,0.1599526066350711,0.1095890410958904,0.003949486327831158,0.004963545314771449,0.389750108544797,0.3606657705836931,0.07462304005429415,0.01976619173023408,0.02055158504129299
act3_n_good_days,act3_n_good_days = Missing,0.2764578833693305,0.2319058352116203,926,256,670,-0.9621000265342458,4,INT,0.1257985257985258,0.3421859039836568,0.2164241927566833,0.2748815165876777,0.1589041095890411,0.007303345734603479,0.007728624889355929,0.389750108544797,0.3606657705836931,0.07462304005429415,0.01976619173023408,0.02055158504129299
act_cins_min_seniority,16.5 <= act_cins_min_seniority < 31.5,0.7133333333333334,0.2629601803155522,1050,749,301,0.911628520053825,0,INT,0.368058968058968,0.1537282941777324,0.1870416243452908,0.2298578199052133,0.3726027397260274,0.004451834764646509,5.573542164358413e-05,0.3873771812484783,0.4523293390911429,0.1676716156417119,0.08152339716574526,0.0624670742334084
act_cins_min_seniority,act_cins_min_seniority < 16.5,0.5806451612903226,0.1940896568995742,775,450,325,0.3254223149645651,1,INT,0.2211302211302211,0.1659856996935649,0.01580993239437348,0.1291469194312796,0.1424657534246575,0.02643887782156717,0.03456521140147296,0.3873771812484783,0.4523293390911429,0.1676716156417119,0.08152339716574526,0.0624670742334084
act_cins_min_seniority,31.5 <= act_cins_min_seniority < 55.5,0.5484210526315789,0.237916353618833,950,521,429,0.1942930816637053,2,INT,0.256019656019656,0.2191011235955056,0.005746556403715805,0.2061611374407583,0.2684931506849315,0.004547231384397997,0.000593152616975326,0.3873771812484783,0.4523293390911429,0.1676716156417119,0.08152339716574526,0.0624670742334084
act_cins_min_seniority,act_cins_min_seniority = Missing,0.4444444444444444,0.02930127723516153,117,52,65,-0.2231431666994909,3,INT,0.02555282555282555,0.03319713993871297,0.001993773123166065,0.04383886255924171,0.05205479452054795,0.005840635742295782,0.01880480046114393,0.3873771812484783,0.4523293390911429,0.1676716156417119,0.08152339716574526,0.0624670742334084
act_cins_min_seniority,55.500 <= act_cins_min_seniority,0.2388737511353315,0.275732531930879,1101,263,838,-1.158863807407989,4,INT,0.1292383292383292,0.4279877425944842,0.3575721279078514,0.3909952606635071,0.1643835616438356,0.0402448174528378,0.00844817433217261,0.3873771812484783,0.4523293390911429,0.1676716156417119,0.08152339716574526,0.0624670742334084
act_ccss_dueutl,0.023 <= act_ccss_dueutl,0.8567774936061381,0.0979213623841723,391,335,56,1.788777353884644,0,INT,0.1646191646191646,0.02860061287027579,0.2376684138496503,0.1054502369668247,0.2136986301369863,0.0005571486217494202,0.0127995614272006,0.3868960705528632,0.4558183430091229,0.1781415674699714,0.004948734140416314,0.02671623249242052
act_ccss_dueutl,0.009 <= act_ccss_dueutl < 0.023,0.770764119601329,0.1507638367142499,602,464,138,1.21263035794885,1,INT,0.228009828009828,0.07048008171603677,0.1847948748620897,0.1374407582938389,0.252054794520548,0.001231817047503105,0.002409689116580128,0.3868960705528632,0.4558183430091229,0.1781415674699714,0.004948734140416314,0.02671623249242052
act_ccss_dueutl,act_ccss_dueutl < 0.003,0.4806149732620321,0.3746556473829201,1496,719,777,-0.07757898226467237,2,INT,0.3533169533169533,0.3968335035750766,0.005053152198873754,0.3969194312796209,0.3178082191780822,0.001284865637099871,0.003759871026106308,0.3868960705528632,0.4558183430091229,0.1781415674699714,0.004948734140416314,0.02671623249242052
act_ccss_dueutl,act_ccss_dueutl = Missing,0.3655430711610487,0.3343350864012021,1335,488,847,-0.5513852019446429,3,INT,0.2398034398034398,0.4325842696629214,0.1136966940297277,0.3258293838862559,0.2082191780821918,0.0002191243768401176,0.004458595296187042,0.3868960705528632,0.4558183430091229,0.1781415674699714,0.004948734140416314,0.02671623249242052
act_ccss_dueutl,0.003 <= act_ccss_dueutl < 0.009,0.1715976331360947,0.04232406711745555,169,29,140,-1.574343858638373,4,INT,0.01425061425061425,0.07150153217568948,0.09202075875226705,0.03436018957345972,0.00821917808219178,0.0016557784572238,0.003288515626346443,0.3868960705528632,0.4558183430091229,0.1781415674699714,0.004948734140416314,0.02671623249242052
ags3_Mean_CMaxC_Days,ags3_Mean_CMaxC_Days < 13.833,0.7612655800575263,0.2612071124467819,1043,794,249,1.15963028912066,0,INT,0.3901719901719902,0.127170582226762,0.2947005778801744,0.2251184834123223,0.3479452054794521,0.005363687762327842,0.004835453916457271,0.3809583564435455,0.3084965824920638,0.1902091730654026,0.016999759709203,0.03498878653147094
ags3_Mean_CMaxC_Days,13.833 <= ags3_Mean_CMaxC_Days < 14.167,0.6792452830188679,0.07963936889556725,318,216,102,0.7503050769710735,1,INT,0.1061425061425061,0.05209397344228805,0.03841538581818972,0.07464454976303317,0.1150684931506849,0.0003231005178036612,0.0007200766794845648,0.3809583564435455,0.3084965824920638,0.1902091730654026,0.016999759709203,0.03498878653147094
ags3_Mean_CMaxC_Days,14.167 <= ags3_Mean_CMaxC_Days < 14.583,0.5789473684210527,0.09992486851990984,399,231,168,0.3184535687809557,2,INT,0.1135135135135135,0.08580183861082738,0.007748107357227162,0.09597156398104266,0.1095890410958904,0.0001594188571879356,0.0001379569504789498,0.3809583564435455,0.3084965824920638,0.1902091730654026,0.016999759709203,0.03498878653147094
ags3_Mean_CMaxC_Days,ags3_Mean_CMaxC_Days = Missing,0.3651389932381668,0.3333333333333333,1331,486,845,-0.5531279160385727,3,INT,0.2388206388206388,0.4315628192032687,0.1140095690918266,0.3258293838862559,0.2082191780821918,0.0001708064076067104,0.004194237068430789,0.3809583564435455,0.3084965824920638,0.1902091730654026,0.016999759709203,0.03498878653147094
ags3_Mean_CMaxC_Days,14.583 <= ags3_Mean_CMaxC_Days,0.3414634146341464,0.2258953168044077,902,308,594,-0.6567793800639526,4,INT,0.1513513513513514,0.303370786516854,0.1056566831836255,0.278436018957346,0.2191780821917808,0.01098274616427685,0.02510106191661936,0.3809583564435455,0.3084965824920638,0.1902091730654026,0.016999759709203,0.03498878653147094
act_ccss_min_seniority,4.5 <= act_ccss_min_seniority < 16.5,0.7533081285444234,0.2649636864512898,1058,797,261,1.116334013796339,0,INT,0.3916461916461916,0.1332992849846782,0.2783086968898039,0.2464454976303317,0.3753424657534247,0.001341153387450542,0.0006930537910851354,0.3463417266277329,0.3191237452455173,0.07858706961829905,0.05013097894302458,0.05839077342539528
act_ccss_min_seniority,16.5 <= act_ccss_min_seniority < 33.5,0.5289256198347108,0.09090909090909091,363,192,171,0.1158317515631687,1,INT,0.09434889434889435,0.08733401430030643,0.0005413698679239088,0.04146919431279621,0.04383561643835616,0.03874110445645969,0.0386595082317007,0.3463417266277329,0.3191237452455173,0.07858706961829905,0.05013097894302458,0.05839077342539528
act_ccss_min_seniority,act_ccss_min_seniority < 4.5,0.4636363636363636,0.3856749311294766,1540,714,826,-0.1457117921907491,2,INT,0.3508599508599509,0.4218590398365679,0.01308059742098974,0.4052132701421801,0.3835616438356164,0.0009653142095395784,0.002913358230518057,0.3463417266277329,0.3191237452455173,0.07858706961829905,0.05013097894302458,0.05839077342539528
act_ccss_min_seniority,act_ccss_min_seniority = Missing,0.3531157270029673,0.0843976959679439,337,119,218,-0.6053711880572694,3,INT,0.05847665847665848,0.1113381001021451,0.03399693663762941,0.1078199052132701,0.09315068493150686,0.005730596376817579,0.01612186564178066,0.3463417266277329,0.3191237452455173,0.07858706961829905,0.05013097894302458,0.05839077342539528
act_ccss_min_seniority,33.500 <= act_ccss_min_seniority,0.3064748201438849,0.1740545955421988,695,213,482,-0.8166516863265754,4,INT,0.1046683046683047,0.2461695607763023,0.1209376457421605,0.1990521327014218,0.1041095890410959,0.003352810512757189,2.987530310733614e-06,0.3463417266277329,0.3191237452455173,0.07858706961829905,0.05013097894302458,0.05839077342539528
act_ccss_min_pninst,3.5 <= act_ccss_min_pninst < 11.5,0.7421965317919075,0.2166291009266216,865,642,223,1.057416239562677,0,INT,0.3154791154791155,0.1138917262512768,0.2052731210770418,0.1943127962085308,0.2904109589041096,0.002424989577570071,0.002074844013557452,0.3387473553969982,0.3528126519289616,0.0415214947301344,0.01484268367554671,0.01550058079620635
act_ccss_min_pninst,11.500 <= act_ccss_min_pninst,0.6597222222222222,0.03606311044327573,144,95,49,0.662055605306695,1,INT,0.04668304668304668,0.02502553626149132,0.01346309198266884,0.04383886255924171,0.06027397260273973,0.001514402602551875,0.003466191800194039,0.3387473553969982,0.3528126519289616,0.0415214947301344,0.01484268367554671,0.01550058079620635
act_ccss_min_pninst,act_ccss_min_pninst < 2.5,0.6562009419152276,0.1595291760581017,637,418,219,0.6464094853217763,2,INT,0.2054054054054054,0.1118488253319714,0.05682911900244655,0.1374407582938389,0.2164383561643836,0.003289698266841469,0.0005769721231531816,0.3387473553969982,0.3528126519289616,0.0415214947301344,0.01484268367554671,0.01550058079620635
act_ccss_min_pninst,2.5 <= act_ccss_min_pninst < 3.5,0.3873517786561265,0.2534435261707989,1012,392,620,-0.458457544436976,3,INT,0.1926289926289926,0.3166496424923391,0.06161676669117769,0.2985781990521327,0.2246575342465753,0.007394468851743182,0.004923977563114633,0.3387473553969982,0.3528126519289616,0.0415214947301344,0.01484268367554671,0.01550058079620635
act_ccss_min_pninst,act_ccss_min_pninst = Missing,0.3655430711610487,0.3343350864012021,1335,488,847,-0.5513852019446429,4,INT,0.2398034398034398,0.4325842696629214,0.1136966940297277,0.3258293838862559,0.2082191780821918,0.0002191243768401176,0.004458595296187042,0.3387473553969982,0.3528126519289616,0.0415214947301344,0.01484268367554671,0.01550058079620635
agr6_Mean_CMaxA_Due,0.917 <= agr6_Mean_CMaxA_Due,0.8198614318706697,0.1084397695967944,433,355,78,1.515407962425465,0,INT,0.1744471744471744,0.03983656792645557,0.1985375405740569,0.1184834123222749,0.2191780821917808,0.0008888620650593843,0.01020516248073483,0.3374651464539107,0.3820745274115596,0.1321895947667633,0.01214413178640415,0.01915200058008531
agr6_Mean_CMaxA_Due,0.75 <= agr6_Mean_CMaxA_Due < 0.917,0.7416974169741697,0.06786877034810919,271,201,70,1.054808734951623,1,INT,0.09877149877149877,0.03575076608784474,0.06393176535708846,0.04502369668246445,0.07397260273972603,0.009358274395112246,0.007161308256344874,0.3374651464539107,0.3820745274115596,0.1321895947667633,0.01214413178640415,0.01915200058008531
agr6_Mean_CMaxA_Due,0.417 <= agr6_Mean_CMaxA_Due < 0.75,0.6224961479198767,0.162534435261708,649,404,245,0.5001565067779628,2,INT,0.1985257985257985,0.1251276813074566,0.03385775247445815,0.1516587677725119,0.2027397260273973,0.0007527348295136343,8.846506646385184e-05,0.3374651464539107,0.3820745274115596,0.1321895947667633,0.01214413178640415,0.01915200058008531
agr6_Mean_CMaxA_Due,agr6_Mean_CMaxA_Due < 0.417,0.4562545191612437,0.3463561232156274,1383,631,752,-0.1754304359087484,3,INT,0.3100737100737101,0.3840653728294178,0.01582982240275584,0.3661137440758294,0.3041095890410959,0.001095777036342651,0.0001157969532931679,0.3374651464539107,0.3820745274115596,0.1321895947667633,0.01214413178640415,0.01915200058008531
agr6_Mean_CMaxA_Due,agr6_Mean_CMaxA_Due = Missing,0.3532219570405728,0.3148009015777611,1257,444,813,-0.6049064448916085,4,INT,0.2181818181818182,0.4152196118488253,0.1267468072008508,0.3187203791469194,0.2,4.848346037623706e-05,0.001581267823248592,0.3374651464539107,0.3820745274115596,0.1321895947667633,0.01214413178640415,0.01915200058008531
ags6_Mean_CMaxC_Due,0.708 <= ags6_Mean_CMaxC_Due,0.7813822284908322,0.1775607312797395,709,554,155,1.273739105172354,0,INT,0.2722358722358723,0.07916241062308478,0.2383051922295752,0.1646919431279621,0.2958904109589041,0.0009676299189007968,0.001970208516336322,0.335750264146587,0.4012640489604484,0.1951265324552608,0.006970446485873608,0.00625408407808732
ags6_Mean_CMaxC_Due,0.367 <= ags6_Mean_CMaxC_Due < 0.708,0.6209048361934477,0.1605309291259704,641,398,243,0.49339040167759,1,INT,0.1955773955773956,0.1241062308478039,0.03248536154667903,0.1552132701421801,0.210958904109589,0.0001790200153282725,0.001163917191909566,0.335750264146587,0.4012640489604484,0.1951265324552608,0.006970446485873608,0.00625408407808732
ags6_Mean_CMaxC_Due,0.183 <= ags6_Mean_CMaxC_Due < 0.367,0.5167958656330749,0.09691960931630353,387,200,187,0.06720871493410972,2,INT,0.09828009828009827,0.09550561797752809,7.936940976176507e-05,0.08293838862559241,0.09315068493150686,0.002175619171345062,0.0002746653467008473,0.335750264146587,0.4012640489604484,0.1951265324552608,0.006970446485873608,0.00625408407808732
ags6_Mean_CMaxC_Due,ags6_Mean_CMaxC_Due < 0.183,0.437888198757764,0.2419233658903081,966,423,543,-0.2497370886431116,3,INT,0.2078624078624079,0.2773237997957099,0.02001800687174567,0.2725118483412322,0.1945205479452055,0.003640479299644631,0.0008846397211954668,0.335750264146587,0.4012640489604484,0.1951265324552608,0.006970446485873608,0.00625408407808732
ags6_Mean_CMaxC_Due,ags6_Mean_CMaxC_Due = Missing,0.3565891472868217,0.3230653643876784,1290,460,830,-0.5901991143981428,4,INT,0.2260442260442261,0.4239019407558733,0.1243664479830052,0.3246445497630332,0.2054794520547945,7.698080654845089e-06,0.001960653301945119,0.335750264146587,0.4012640489604484,0.1951265324552608,0.006970446485873608,0.00625408407808732
act_ccss_cc,0.748 <= act_ccss_cc < 0.981,0.7388429752066116,0.1515151515151515,605,447,158,1.039963152389031,0,INT,0.2196560196560197,0.08069458631256383,0.1390459173357858,0.1563981042654028,0.2027397260273973,0.0001547822012926107,0.001355025385421786,0.3317392515553907,0.257396974290045,0.2240985259259642,0.06594841226339736,0.1065078219537246
act_ccss_cc,act_ccss_cc < 0.748,0.6352636127917026,0.2897570748810418,1157,735,422,0.5548650842644408,1,INT,0.3611793611793612,0.2155260469867211,0.07517253034954632,0.2014218009478673,0.2767123287671233,0.03210902294576402,0.02249456318941838,0.3317392515553907,0.257396974290045,0.2240985259259642,0.06594841226339736,0.1065078219537246
act_ccss_cc,0.981 <= act_ccss_cc < 1.369,0.4512987012987013,0.1542699724517906,616,278,338,-0.1954247179381607,2,INT,0.1366093366093366,0.1726251276813074,0.008422092213428914,0.2049763033175356,0.2191780821917808,0.01440211821529656,0.03901238349673093,0.3317392515553907,0.257396974290045,0.2240985259259642,0.06594841226339736,0.1065078219537246
act_ccss_cc,act_ccss_cc = Missing,0.3655430711610487,0.3343350864012021,1335,488,847,-0.5513852019446429,3,INT,0.2398034398034398,0.4325842696629214,0.1136966940297277,0.3258293838862559,0.2082191780821918,0.0002191243768401176,0.004458595296187042,0.3317392515553907,0.257396974290045,0.2240985259259642,0.06594841226339736,0.1065078219537246
act_ccss_cc,1.369 <= act_ccss_cc,0.3107142857142857,0.07012271475081393,280,87,193,-0.7967814389602559,4,INT,0.04275184275184275,0.09856996935648621,0.04655410318077144,0.1113744075829384,0.09315068493150686,0.01906336452420405,0.03918725458596647,0.3317392515553907,0.257396974290045,0.2240985259259642,0.06594841226339736,0.1065078219537246
agr3_Min_CMaxA_Due,0.500 <= agr3_Min_CMaxA_Due,0.7634543178973717,0.2001001753067869,799,610,189,1.171711576941738,0,INT,0.2997542997542997,0.0965270684371808,0.2301421937871761,0.1931279620853081,0.3506849315068493,0.0002471447388838775,0.007989825146028622,0.3243137835579102,0.3709440329453484,0.1437812752695163,0.0004119193309521045,0.01221578241462616
agr3_Min_CMaxA_Due,agr3_Min_CMaxA_Due < 0.5,0.5197272284461764,0.5141497620836464,2053,1067,986,0.07894988899995278,1,INT,0.5243243243243243,0.5035750766087844,0.0008376422535810672,0.514218009478673,0.4794520547945205,9.056684573505635e-09,0.004013765586222679,0.3243137835579102,0.3709440329453484,0.1437812752695163,0.0004119193309521045,0.01221578241462616
agr3_Min_CMaxA_Due,agr3_Min_CMaxA_Due = Missing,0.3137598597721297,0.2857500626095668,1141,358,783,-0.7825995579744455,2,INT,0.1759213759213759,0.3998978549540347,0.1838519310944807,0.292654028436019,0.1698630136986301,0.0001647655353836535,0.0002121916823748634,0.3243137835579102,0.3709440329453484,0.1437812752695163,0.0004119193309521045,0.01221578241462616
ags9_Mean_CMaxC_Due,0.690 <= ags9_Mean_CMaxC_Due,0.7557959814528593,0.1620335587277736,647,489,158,1.12976702803567,0,INT,0.2402948402948403,0.08069458631256383,0.1740237721813704,0.1433649289099526,0.252054794520548,0.002283730212495461,0.000561660393784975,0.3220259353047914,0.3979523550776447,0.2357773441477327,0.0118421978802975,0.003852966558514915
ags9_Mean_CMaxC_Due,0.472 <= ags9_Mean_CMaxC_Due < 0.69,0.6601731601731602,0.115702479338843,462,305,157,0.6640656621854298,1,INT,0.1498771498771499,0.08018386108273749,0.04355233489805371,0.1078199052132701,0.1643835616438356,0.0005556950049195444,0.001339343454596179,0.3220259353047914,0.3979523550776447,0.2357773441477327,0.0118421978802975,0.003852966558514915
ags9_Mean_CMaxC_Due,0.118 <= ags9_Mean_CMaxC_Due < 0.472,0.5298588490770901,0.2306536438767844,921,488,433,0.1195776518218135,2,INT,0.2398034398034398,0.221144024514811,0.001510857195184053,0.2097156398104265,0.2383561643835616,0.00199165278845187,8.75748083144306e-06,0.3220259353047914,0.3979523550776447,0.2357773441477327,0.0118421978802975,0.003852966558514915
ags9_Mean_CMaxC_Due,ags9_Mean_CMaxC_Due < 0.118,0.4379358437935844,0.1795642374154771,717,314,403,-0.2495435057060698,3,INT,0.1542997542997543,0.2058222676200204,0.0148360988416467,0.2156398104265403,0.1397260273972603,0.006601228804582549,0.001444927570555848,0.3220259353047914,0.3979523550776447,0.2357773441477327,0.0118421978802975,0.003852966558514915
ags9_Mean_CMaxC_Due,ags9_Mean_CMaxC_Due = Missing,0.3523274478330658,0.3120460806411219,1246,439,807,-0.6088241513201003,4,INT,0.2157248157248157,0.4121552604698672,0.1271250069339259,0.3234597156398104,0.2054794520547945,0.0004098910698480793,0.0004982776587464699,0.3220259353047914,0.3979523550776447,0.2357773441477327,0.0118421978802975,0.003852966558514915
ags12_Max_CMaxA_Due,1.5 <= ags12_Max_CMaxA_Due < 2.5,0.7265973254086181,0.1685449536689206,673,489,184,0.9774263928867297,0,INT,0.2402948402948403,0.09397344228804903,0.1372797541943225,0.1765402843601896,0.2904109589041096,0.0003703415890394492,0.009489916074299888,0.3206581453772466,0.3445820344896615,0.07460870543072924,0.0284208828603719,0.03977593401685552
ags12_Max_CMaxA_Due,2.500 <= ags12_Max_CMaxA_Due,0.6237113402061856,0.04858502379163536,194,121,73,0.505330561032214,1,INT,0.05945945945945946,0.0372829417773238,0.01032894893660476,0.02488151658767773,0.03013698630136986,0.01581581551207404,0.01987797564637051,0.3206581453772466,0.3445820344896615,0.07460870543072924,0.0284208828603719,0.03977593401685552
ags12_Max_CMaxA_Due,0.5 <= ags12_Max_CMaxA_Due < 1.5,0.5531000613873542,0.4079639368895567,1629,901,728,0.2132041830368092,2,INT,0.4427518427518428,0.3718079673135853,0.01238600958449165,0.3672985781990522,0.3917808219178082,0.004268909763961894,0.006232609281454881,0.3206581453772466,0.3445820344896615,0.07460870543072924,0.0284208828603719,0.03977593401685552
ags12_Max_CMaxA_Due,ags12_Max_CMaxA_Due < 0.5,0.4742857142857143,0.1314800901577761,525,249,276,-0.1029479299648721,3,INT,0.1223587223587224,0.1409601634320735,0.002630475867534292,0.1540284360189574,0.1287671232876712,0.003566483998142285,0.0003268784879903156,0.3206581453772466,0.3445820344896615,0.07460870543072924,0.0284208828603719,0.03977593401685552
ags12_Max_CMaxA_Due,ags12_Max_CMaxA_Due = Missing,0.2829218106995885,0.2434259954921112,972,275,697,-0.9300140929296679,4,INT,0.1351351351351351,0.3559754851889683,0.2138016690682128,0.2772511848341232,0.1589041095890411,0.004399331997154227,0.003848554526739928,0.3206581453772466,0.3445820344896615,0.07460870543072924,0.0284208828603719,0.03977593401685552
ags3_Mean_CMaxC_Due,1.167 <= ags3_Mean_CMaxC_Due,0.7983425414364641,0.09065865264212372,362,289,73,1.375966223122667,0,INT,0.142014742014742,0.0372829417773238,0.1398609695271343,0.0995260663507109,0.1917808219178082,0.0008266205380663185,0.01494175222622398,0.3199212956107749,0.3867189063974603,0.2087938868188171,0.01595344691357646,0.03119582585506425
ags3_Mean_CMaxC_Due,0.833 <= ags3_Mean_CMaxC_Due < 1.167,0.7158351409978309,0.1154520410718758,461,330,131,0.9238948709311442,1,INT,0.1621621621621622,0.0669050051072523,0.08424981081203682,0.1018957345971564,0.1698630136986301,0.001691691563615821,0.0003570695010578819,0.3199212956107749,0.3867189063974603,0.2087938868188171,0.01595344691357646,0.03119582585506425
ags3_Mean_CMaxC_Due,0.583 <= ags3_Mean_CMaxC_Due < 0.833,0.6338912133891214,0.1197094916103181,478,303,175,0.5489465901903956,2,INT,0.1488943488943489,0.08937691521961184,0.0303495890658614,0.08886255924170616,0.1095890410958904,0.009182740404955954,0.01203760091632764,0.3199212956107749,0.3867189063974603,0.2087938868188171,0.01595344691357646,0.03119582585506425
ags3_Mean_CMaxC_Due,ags3_Mean_CMaxC_Due < 0.583,0.4619840695148443,0.345855246681693,1381,638,743,-0.1523577392226627,3,INT,0.3135135135135135,0.3794688457609806,0.01258919851991229,0.3850710900473934,0.3232876712328767,0.004210926808092954,0.0002999732495186684,0.3199212956107749,0.3867189063974603,0.2087938868188171,0.01595344691357646,0.03119582585506425
ags3_Mean_CMaxC_Due,ags3_Mean_CMaxC_Due = Missing,0.3623188405797101,0.3283245679939895,1311,475,836,-0.5653137181409845,4,INT,0.2334152334152334,0.4269662921348314,0.1168452136693676,0.3246445497630332,0.2054794520547945,4.146759884541243e-05,0.003559429961936077,0.3199212956107749,0.3867189063974603,0.2087938868188171,0.01595344691357646,0.03119582585506425
ags12_Min_CMaxI_Days,6.5 <= ags12_Min_CMaxI_Days < 9.5,0.6936488169364882,0.2011019283746557,803,557,246,0.8172334770241363,0,INT,0.2737100737100737,0.1256384065372829,0.1152339755643815,0.1635071090047393,0.2328767123287671,0.007776155512661148,0.006594432815319804,0.3048989466762704,0.2861955558097633,0.06134291728585601,0.04556707276685026,0.04567795402733907
ags12_Min_CMaxI_Days,12.500 <= ags12_Min_CMaxI_Days,0.6756756756756757,0.04633107938893063,185,125,60,0.7339683084146026,1,INT,0.06142506142506143,0.03064351378958121,0.02135517751976658,0.02725118483412322,0.03561643835616438,0.01009725573952206,0.01403559519938157,0.3048989466762704,0.2861955558097633,0.06134291728585601,0.04556707276685026,0.04567795402733907
ags12_Min_CMaxI_Days,ags12_Min_CMaxI_Days < 6.5,0.6607142857142857,0.05609817180065114,224,148,76,0.6664782933646234,2,INT,0.07272727272727272,0.03881511746680286,0.02125300921422685,0.05213270142180094,0.09041095890410959,0.0002901751324599143,0.003844087231101757,0.3048989466762704,0.2861955558097633,0.06134291728585601,0.04556707276685026,0.04567795402733907
ags12_Min_CMaxI_Days,9.5 <= ags12_Min_CMaxI_Days < 12.5,0.6095890410958904,0.1828199348860506,730,445,285,0.4455849757395342,3,INT,0.2186732186732187,0.1455566905005107,0.02974257854171577,0.1433649289099526,0.1863013698630137,0.0095859067904108,0.005183814565050598,0.3048989466762704,0.2861955558097633,0.06134291728585601,0.04556707276685026,0.04567795402733907
ags12_Min_CMaxI_Days,ags12_Min_CMaxI_Days = Missing,0.3705509507557289,0.513648885549712,2051,760,1291,-0.5298539034466578,4,INT,0.3734643734643734,0.6593462717058223,0.1624695870197805,0.6137440758293838,0.4547945205479452,0.01781757959179634,0.01602002421648534,0.3048989466762704,0.2861955558097633,0.06134291728585601,0.04556707276685026,0.04567795402733907
ags12_Mean_CMaxI_Due,0.437 <= ags12_Mean_CMaxI_Due,0.7959183673469388,0.02454295016278487,98,78,20,1.360972835198561,0,INT,0.03832923832923833,0.01021450459652707,0.03697839461638394,0.005924170616113744,0.005479452054794521,0.02622848047199051,0.0633911527351498,0.3037236512210975,0.2808819744330369,0.0752054596216903,0.0875708582770356,0.1200443175895783
ags12_Mean_CMaxI_Due,0.174 <= ags12_Mean_CMaxI_Due < 0.437,0.75,0.02604557976458803,104,78,26,1.09860972457212,1,INT,0.03832923832923833,0.01327885597548519,0.02643173649529726,0.008293838862559242,0.01643835616438356,0.02016921157705507,0.01845699707475967,0.3037236512210975,0.2808819744330369,0.0752054596216903,0.0875708582770356,0.1200443175895783
ags12_Mean_CMaxI_Due,0.042 <= ags12_Mean_CMaxI_Due < 0.174,0.7338709677419355,0.03105434510393188,124,91,33,1.014350013652426,2,INT,0.04471744471744472,0.01685393258426966,0.02708605429913615,0.01184834123222749,0.01917808219178082,0.01840629017519441,0.02154573771966212,0.3037236512210975,0.2808819744330369,0.0752054596216903,0.0875708582770356,0.1200443175895783
ags12_Mean_CMaxI_Due,ags12_Mean_CMaxI_Due < 0.042,0.6368128474366893,0.4054595542198848,1619,1031,588,0.5615574630435259,3,INT,0.5066339066339066,0.3003064351378958,0.107878253534442,0.3613744075829384,0.5041095890410959,0.00507316371071604,1.260642672934539e-05,0.3037236512210975,0.2808819744330369,0.0752054596216903,0.0875708582770356,0.1200443175895783
ags12_Mean_CMaxI_Due,ags12_Mean_CMaxI_Due = Missing,0.36962890625,0.5128975707488104,2048,757,1291,-0.533809082768137,4,INT,0.371990171990172,0.6593462717058223,0.1644436309014622,0.6125592417061612,0.4547945205479452,0.01769371234207957,0.01663782363327742,0.3037236512210975,0.2808819744330369,0.0752054596216903,0.0875708582770356,0.1200443175895783
act_ccss_seniority,act_ccss_seniority < 31.5,0.7762237762237763,0.1790633608815427,715,555,160,1.243793853692967,0,INT,0.2727272727272727,0.08171603677221655,0.2300473658775522,0.08412322274881516,0.126027397260274,0.07166341120734188,0.113185762088056,0.3005629271206391,0.1995824634655532,0.3359711213304583,1.459386074763797,1.394958320203463
act_ccss_seniority,31.5 <= act_ccss_seniority < 42.5,0.6881720430107527,0.04658151765589782,186,128,58,0.7915863104864479,1,INT,0.0628992628992629,0.0296220633299285,0.02499894321705012,0.03909952606635071,0.07123287671232877,0.001306981691556331,0.001035320668476488,0.3005629271206391,0.1995824634655532,0.3359711213304583,1.459386074763797,1.394958320203463
act_ccss_seniority,42.5 <= act_ccss_seniority < 128.5,0.4786899955136832,0.5582268970698723,2229,1067,1162,-0.08529167844791133,2,INT,0.5243243243243243,0.5934627170582226,0.008562219259265588,0.1362559241706161,0.1698630136986301,0.5948423832700367,0.3993787503372294,0.3005629271206391,0.1995824634655532,0.3359711213304583,1.459386074763797,1.394958320203463
act_ccss_seniority,act_ccss_seniority = Missing,0.3531157270029673,0.0843976959679439,337,119,218,-0.6053711880572694,3,INT,0.05847665847665848,0.1113381001021451,0.03399693663762941,0.1078199052132701,0.09315068493150686,0.005730596376817579,0.01612186564178066,0.3005629271206391,0.1995824634655532,0.3359711213304583,1.459386074763797,1.394958320203463
act_ccss_seniority,128.500 <= act_ccss_seniority,0.3155893536121673,0.1317305284247433,526,166,360,-0.7741159184618944,4,INT,0.08157248157248158,0.1838610827374872,0.0830590710196902,0.6327014218009479,0.5397260273972603,0.7858427022180441,0.8652366214679206,0.3005629271206391,0.1995824634655532,0.3359711213304583,1.459386074763797,1.394958320203463
agr3_Max_CMaxC_Due,1.500 <= agr3_Max_CMaxC_Due,0.8009950248756219,0.1006761833208114,402,322,80,1.392523971430266,0,INT,0.1582309582309582,0.04085801838610827,0.1587046368220044,0.1113744075829384,0.2,0.001079375780112928,0.009779374345695811,0.2951143547670616,0.3654988989618784,0.2384992226161699,0.01551633398577136,0.01524403966664175
agr3_Max_CMaxC_Due,0.5 <= agr3_Max_CMaxC_Due < 1.5,0.6002960769800149,0.3383420986726772,1351,811,540,0.4066988526764795,1,INT,0.3985257985257985,0.2757916241062309,0.04516801796081927,0.292654028436019,0.3835616438356164,0.006625695916121387,0.0005725599863752292,0.2951143547670616,0.3654988989618784,0.2384992226161699,0.01551633398577136,0.01524403966664175
agr3_Max_CMaxC_Due,agr3_Max_CMaxC_Due < 0.5,0.4572697003329634,0.2256448785374405,901,412,489,-0.1713391019058851,2,INT,0.2024570024570025,0.2497446373850868,0.009921793848879243,0.268957345971564,0.2082191780821918,0.007602162415036568,0.0001616294469536482,0.2951143547670616,0.3654988989618784,0.2384992226161699,0.01551633398577136,0.01524403966664175
agr3_Max_CMaxC_Due,agr3_Max_CMaxC_Due = Missing,0.3659447348767737,0.3353368394690709,1339,490,849,-0.5496537089106865,3,INT,0.2407862407862408,0.433605720122574,0.1133858457853316,0.3270142180094787,0.2082191780821918,0.000209099874500472,0.004730475887617058,0.2951143547670616,0.3654988989618784,0.2384992226161699,0.01551633398577136,0.01524403966664175
ags12_Max_CMaxI_Days,14.500 <= ags12_Max_CMaxI_Days,0.6642599277978339,0.4162283996994741,1662,1104,558,0.6823361758239823,0,INT,0.5425061425061425,0.2849846782431052,0.1657401623257997,0.3293838862559242,0.4657534246575342,0.02031700661817663,0.01170576234175777,0.2925306121424609,0.280819057968942,0.04003531147644614,0.04114093208484283,0.02851556832538462
ags12_Max_CMaxI_Days,13.5 <= ags12_Max_CMaxI_Days < 14.5,0.6445783132530121,0.04157275231655397,166,107,59,0.5952906302213714,1,INT,0.05257985257985258,0.03013278855975485,0.01246498998694132,0.03199052132701422,0.04657534246575343,0.002503710403112756,0.0007266481116340113,0.2925306121424609,0.280819057968942,0.04003531147644614,0.04114093208484283,0.02851556832538462
ags12_Max_CMaxI_Days,ags12_Max_CMaxI_Days < 13.5,0.5614035087719298,0.02854996243425996,114,64,50,0.246859640432305,2,INT,0.03144963144963145,0.02553626149131767,0.001227344142403107,0.02488151658767773,0.03287671232876712,0.0005026354717571088,6.31336555075008e-05,0.2925306121424609,0.280819057968942,0.04003531147644614,0.04114093208484283,0.02851556832538462
ags12_Max_CMaxI_Days,ags12_Max_CMaxI_Days = Missing,0.3705509507557289,0.513648885549712,2051,760,1291,-0.5298539034466578,3,INT,0.3734643734643734,0.6593462717058223,0.1624695870197805,0.6137440758293838,0.4547945205479452,0.01781757959179634,0.01602002421648534,0.2925306121424609,0.280819057968942,0.04003531147644614,0.04114093208484283,0.02851556832538462
ags9_Mean_CMaxI_Days,ags9_Mean_CMaxI_Days < 11.944,0.7421383647798742,0.07963936889556725,318,236,82,1.057111761978629,0,INT,0.115970515970516,0.04187946884576098,0.0753518723260549,0.06516587677725119,0.1150684931506849,0.002898954911724749,7.03730134073363e-06,0.2797777906051655,0.2602568135670775,0.06977314745342605,0.04931476322571716,0.06100224260785972
ags9_Mean_CMaxI_Days,12.211 <= ags9_Mean_CMaxI_Days < 12.817,0.6853932584269663,0.1114450288004007,445,305,140,0.7786689675814469,1,INT,0.1498771498771499,0.07150153217568948,0.05794830422509907,0.08886255924170616,0.1178082191780822,0.005108442689189255,0.00771502886457612,0.2797777906051655,0.2602568135670775,0.06977314745342605,0.04931476322571716,0.06100224260785972
ags9_Mean_CMaxI_Days,12.817 <= ags9_Mean_CMaxI_Days,0.6315151515151515,0.2066115702479339,825,521,304,0.5387222033383922,2,INT,0.256019656019656,0.1552604698672115,0.05036918593098592,0.1409952606635071,0.1808219178082192,0.02505815809507116,0.02613716944433384,0.2797777906051655,0.2602568135670775,0.06977314745342605,0.04931476322571716,0.06100224260785972
ags9_Mean_CMaxI_Days,11.944 <= ags9_Mean_CMaxI_Days < 12.211,0.55,0.03506135737540696,140,77,63,0.200670406862279,3,INT,0.03783783783783784,0.03217568947906026,0.0009151995083914757,0.03909952606635071,0.06301369863013699,0.0004390175001095461,0.01281423283699864,0.2797777906051655,0.2602568135670775,0.06977314745342605,0.04931476322571716,0.06100224260785972
ags9_Mean_CMaxI_Days,ags9_Mean_CMaxI_Days = Missing,0.3955849889624724,0.5672426746806912,2265,896,1369,-0.4238953737523981,4,INT,0.4402948402948403,0.6991828396322778,0.1197055667433717,0.6658767772511849,0.5232876712328767,0.01581019002962246,0.01432877416061039,0.2797777906051655,0.2602568135670775,0.06977314745342605,0.04931476322571716,0.06100224260785972
ags9_Min_CMaxI_Days,6.5 <= ags9_Min_CMaxI_Days < 9.5,0.7019667170953101,0.1655396944653143,661,464,197,0.8566805313914005,0,INT,0.228009828009828,0.1006128702757916,0.1041538433497194,0.1315165876777251,0.1835616438356164,0.00782265589261394,0.009633345728047013,0.2747011567236286,0.2500643463837333,0.08968586311663003,0.04501355924149052,0.052463462401166
ags9_Min_CMaxI_Days,12.500 <= ags9_Min_CMaxI_Days,0.6850828729281768,0.04532932632106186,181,124,57,0.7772293498373484,1,INT,0.06093366093366093,0.02911133810010215,0.02344887065185,0.02843601895734597,0.03287671232876712,0.007855231463887245,0.01727252826861419,0.2747011567236286,0.2500643463837333,0.08968586311663003,0.04501355924149052,0.052463462401166
ags9_Min_CMaxI_Days,ags9_Min_CMaxI_Days < 6.5,0.6513157894736842,0.03806661657901327,152,99,53,0.6248270598922951,2,INT,0.04864864864864865,0.02706843718079673,0.01261625722315883,0.03672985781990521,0.0684931506849315,4.76585937893551e-05,0.006777199249947363,0.2747011567236286,0.2500643463837333,0.08968586311663003,0.04501355924149052,0.052463462401166
ags9_Min_CMaxI_Days,9.5 <= ags9_Min_CMaxI_Days < 12.5,0.6158038147138964,0.1838216879539194,734,452,282,0.471774975523165,3,INT,0.2221130221130221,0.1440245148110317,0.03380911178146074,0.1374407582938389,0.1917808219178082,0.01347782326157752,0.004451614993947045,0.2747011567236286,0.2500643463837333,0.08968586311663003,0.04501355924149052,0.052463462401166
ags9_Min_CMaxI_Days,ags9_Min_CMaxI_Days = Missing,0.3955849889624724,0.5672426746806912,2265,896,1369,-0.4238953737523981,4,INT,0.4402948402948403,0.6991828396322778,0.1197055667433717,0.6658767772511849,0.5232876712328767,0.01581019002962246,0.01432877416061039,0.2747011567236286,0.2500643463837333,0.08968586311663003,0.04501355924149052,0.052463462401166
ags9_Max_CMaxI_Due,0.500 <= ags9_Max_CMaxI_Due,0.7647058823529411,0.0638617580766341,255,195,60,1.17865384249675,0,INT,0.09582309582309582,0.03064351378958121,0.07416574415371611,0.01777251184834123,0.03013698630136986,0.05876477954273727,0.07583335872337275,0.2715436952413459,0.2540566820144707,0.06439852419085945,0.08360366196392008,0.09169562477367502
ags9_Max_CMaxI_Due,ags9_Max_CMaxI_Due < 0.5,0.640973630831643,0.3703981968444778,1479,948,531,0.5795923981744101,1,INT,0.4658476658476658,0.2711950970377937,0.1052809904190937,0.316350710900474,0.4465753424657534,0.008522265965909645,0.0008140879021679317,0.2715436952413459,0.2540566820144707,0.06439852419085945,0.08360366196392008,0.09169562477367502
ags9_Max_CMaxI_Due,ags9_Max_CMaxI_Due = Missing,0.3948649845064188,0.5657400450788881,2259,892,1367,-0.42690766518921,2,INT,0.4383292383292383,0.6981613891726252,0.1209246069765045,0.6658767772511849,0.5232876712328767,0.01631661645527316,0.01504817814813433,0.2715436952413459,0.2540566820144707,0.06439852419085945,0.08360366196392008,0.09169562477367502
agr12_Max_CMaxA_Due,1.500 <= agr12_Max_CMaxA_Due,0.7274011299435028,0.1773102930127723,708,515,193,0.9814763877990083,0,INT,0.2530712530712531,0.09856996935648621,0.1455843210826492,0.1919431279620853,0.3123287671232877,0.001159723606079068,0.01246246843963045,0.2681151854798434,0.3213544198816027,0.1985685156418037,0.01322707486126032,0.02124043951109445
agr12_Max_CMaxA_Due,0.5 <= agr12_Max_CMaxA_Due < 1.5,0.5464445868033312,0.3909341347357876,1561,853,708,0.1863154297883189,1,INT,0.4191646191646192,0.3615934627170582,0.008503559457913925,0.3530805687203791,0.3753424657534247,0.003854076155345273,0.00483783561971151,0.2681151854798434,0.3213544198816027,0.1985685156418037,0.01322707486126032,0.02124043951109445
agr12_Max_CMaxA_Due,agr12_Max_CMaxA_Due < 0.5,0.4260869565217391,0.08640120210368145,345,147,198,-0.297834268694299,2,INT,0.07223587223587223,0.101123595505618,0.009706613656563366,0.1149289099526066,0.0821917808219178,0.008131114969585261,0.001283825063976348,0.2681151854798434,0.3213544198816027,0.1985685156418037,0.01322707486126032,0.02124043951109445
agr12_Max_CMaxA_Due,agr12_Max_CMaxA_Due = Missing,0.3770848440899202,0.3453543701477586,1379,520,859,-0.5019400345155371,3,INT,0.2555282555282555,0.4387129724208376,0.09898368391654781,0.3400473933649289,0.2301369863013699,8.216013025072211e-05,0.002656310387776143,0.2681151854798434,0.3213544198816027,0.1985685156418037,0.01322707486126032,0.02124043951109445
ags3_Max_CMaxA_Days,ags3_Max_CMaxA_Days < 14.5,0.7169811320754716,0.1194590533433509,477,342,135,0.9295355102813273,0,INT,0.1680589680589681,0.06894790602655772,0.08821966977402,0.1066350710900474,0.1726027397260274,0.001455017060576443,0.0001211463975787818,0.265297287258472,0.2729087425286698,0.02869028684331085,0.001715920351629581,0.0002609287450701685
ags3_Max_CMaxA_Days,14.500 <= ags3_Max_CMaxA_Days,0.5600500417014178,0.6005509641873278,2398,1343,1055,0.2413651302865063,1,INT,0.65995085995086,0.5388151174668029,0.0245613396709921,0.6054502369668247,0.6602739726027397,3.97993398510314e-05,1.581336329258106e-07,0.265297287258472,0.2729087425286698,0.02869028684331085,0.001715920351629581,0.0002609287450701685
ags3_Max_CMaxA_Days,ags3_Max_CMaxA_Days = Missing,0.3130590339892665,0.2799899824693213,1118,350,768,-0.7858564231582927,2,INT,0.171990171990172,0.3922369765066394,0.1815059442598597,0.287914691943128,0.1671232876712329,0.0002211039512021069,0.0001396242138584609,0.265297287258472,0.2729087425286698,0.02869028684331085,0.001715920351629581,0.0002609287450701685
ags9_Max_CMaxI_Days,ags9_Max_CMaxI_Days < 13.5,0.7156862745098039,0.02554470323065364,102,73,29,0.9231615327540759,0,INT,0.03587223587223587,0.01481103166496425,0.01854746726078459,0.02251184834123223,0.0410958904109589,0.0003817242658282728,0.0007082810071323424,0.2620406923777709,0.2558583807590014,0.02359294490741483,0.04244426382358132,0.03283561798817289
ags9_Max_CMaxI_Days,14.500 <= ags9_Max_CMaxI_Days,0.6567060458651841,0.3603806661657901,1439,945,494,0.6486493136967911,1,INT,0.4643734643734644,0.2522982635342186,0.129343854547504,0.2713270142180095,0.3780821917808219,0.0252685325405655,0.01773530382395945,0.2620406923777709,0.2558583807590014,0.02359294490741483,0.04244426382358132,0.03283561798817289
ags9_Max_CMaxI_Days,13.5 <= ags9_Max_CMaxI_Days < 14.5,0.6470588235294118,0.04683195592286502,187,121,66,0.6061351148658877,2,INT,0.05945945945945946,0.03370786516853932,0.01458265554978834,0.04028436018957346,0.05753424657534247,0.0009838169875650822,6.325899647070957e-05,0.2620406923777709,0.2558583807590014,0.02359294490741483,0.04244426382358132,0.03283561798817289
ags9_Max_CMaxI_Days,ags9_Max_CMaxI_Days = Missing,0.3955849889624724,0.5672426746806912,2265,896,1369,-0.4238953737523981,3,INT,0.4402948402948403,0.6991828396322778,0.1197055667433717,0.6658767772511849,0.5232876712328767,0.01581019002962246,0.01432877416061039,0.2620406923777709,0.2558583807590014,0.02359294490741483,0.04244426382358132,0.03283561798817289
ags9_Min_CMaxI_Due,0.000 <= ags9_Min_CMaxI_Due,0.6591695501730104,0.434259954921112,1734,1143,591,0.6595955646730491,0,INT,0.5616707616707617,0.3018386108273749,0.1613220259473062,0.3341232227488152,0.4767123287671233,0.02624228046944077,0.01393071041417899,0.2598321508433867,0.2512426001658707,0.03305807479803884,0.04255889692471393,0.02897888856231333
ags9_Min_CMaxI_Due,ags9_Min_CMaxI_Due = Missing,0.3948649845064188,0.5657400450788881,2259,892,1367,-0.42690766518921,1,INT,0.4383292383292383,0.6981613891726252,0.1209246069765045,0.6658767772511849,0.5232876712328767,0.01631661645527316,0.01504817814813433,0.2598321508433867,0.2512426001658707,0.03305807479803884,0.04255889692471393,0.02897888856231333
ags3_Max_CMaxC_Days,ags3_Max_CMaxC_Days < 13.5,0.8,0.04257450538442274,170,136,34,1.386292155241593,0,INT,0.06683046683046683,0.01736465781409601,0.06645607710508324,0.02488151658767773,0.0410958904109589,0.009473984444859312,0.01248939571714961,0.2502084311073074,0.2683501587210799,0.07250646004807108,0.01064217228447786,0.02261480451374505
ags3_Max_CMaxC_Days,13.5 <= ags3_Max_CMaxC_Days < 14.5,0.7146892655367232,0.08865514650638617,354,253,101,0.91826837704458,1,INT,0.1243243243243243,0.05158324821246169,0.06390768966108513,0.0924170616113744,0.1479452054794521,0.0001561633478734643,0.004105780976825182,0.2502084311073074,0.2683501587210799,0.07250646004807108,0.01064217228447786,0.02261480451374505
ags3_Max_CMaxC_Days,14.500 <= ags3_Max_CMaxC_Days,0.5425631431244153,0.5354370147758577,2138,1160,978,0.1706655980230023,2,INT,0.5700245700245701,0.4994892747701736,0.009315495611707473,0.556872037914692,0.6027397260273972,0.0008412180841383793,0.001825390751339466,0.2502084311073074,0.2683501587210799,0.07250646004807108,0.01064217228447786,0.02261480451374505
ags3_Max_CMaxC_Days,ags3_Max_CMaxC_Days = Missing,0.3651389932381668,0.3333333333333333,1331,486,845,-0.5531279160385727,3,INT,0.2388206388206388,0.4315628192032687,0.1140095690918266,0.3258293838862559,0.2082191780821918,0.0001708064076067104,0.004194237068430789,0.2502084311073074,0.2683501587210799,0.07250646004807108,0.01064217228447786,0.02261480451374505
agr6_Min_CMaxA_Due,0.500 <= agr6_Min_CMaxA_Due,0.8490566037735849,0.06636614074630603,265,225,40,1.727218892537954,0,INT,0.1105651105651106,0.02042900919305414,0.1518495543998906,0.06753554502369669,0.1287671232876712,2.039558296281189e-05,0.00277167876864689,0.2457223311155896,0.2685617868275803,0.09294822985073665,0.0001108929109586021,0.004352947199363634
agr6_Min_CMaxA_Due,agr6_Min_CMaxA_Due < 0.5,0.5528126264670175,0.6188329576759329,2471,1366,1105,0.2120414088875882,1,INT,0.6712530712530712,0.5643513789581205,0.01854112962867691,0.6137440758293838,0.6712328767123288,4.201386761955318e-05,6.074681520957548e-10,0.2457223311155896,0.2685617868275803,0.09294822985073665,0.0001108929109586021,0.004352947199363634
agr6_Min_CMaxA_Due,agr6_Min_CMaxA_Due = Missing,0.3532219570405728,0.3148009015777611,1257,444,813,-0.6049064448916085,2,INT,0.2181818181818182,0.4152196118488253,0.1267468072008508,0.3187203791469194,0.2,4.848346037623706e-05,0.001581267823248592,0.2457223311155896,0.2685617868275803,0.09294822985073665,0.0001108929109586021,0.004352947199363634
ags6_Mean_CMaxI_Days,ags6_Mean_CMaxI_Days < 11.917,0.7242424242424242,0.08264462809917356,330,239,91,0.9656033649241198,0,INT,0.1174447174447174,0.04647599591419816,0.0656981255208892,0.06872037914691943,0.1178082191780822,0.002565670768001656,1.122378145137047e-06,0.2349203042767904,0.2123945434266594,0.09588681965774432,0.03873353170043941,0.04321127758000345
ags6_Mean_CMaxI_Days,13.917 <= ags6_Mean_CMaxI_Days,0.6728110599078341,0.05434510393188079,217,146,71,0.7209260211485811,1,INT,0.07174447174447174,0.03626149131767109,0.02416367492012766,0.03436018957345972,0.0410958904109589,0.009140863893313497,0.01704567325972038,0.2349203042767904,0.2123945434266594,0.09588681965774432,0.03873353170043941,0.04321127758000345
ags6_Mean_CMaxI_Days,11.917 <= ags6_Mean_CMaxI_Days < 12.367,0.6682242990654206,0.05359378913097922,214,143,71,0.7001640440693343,2,INT,0.07027027027027027,0.03626149131767109,0.0224546565539743,0.0533175355450237,0.07397260273972603,1.424988687239488e-06,0.0001898365555449759,0.2349203042767904,0.2123945434266594,0.09588681965774432,0.03873353170043941,0.04321127758000345
ags6_Mean_CMaxI_Days,12.367 <= ags6_Mean_CMaxI_Days < 13.917,0.6199460916442049,0.1858251940896569,742,460,282,0.4893192813264417,3,INT,0.2260442260442261,0.1440245148110317,0.03694949867709357,0.1350710900473934,0.1726027397260274,0.01618056574543525,0.01440788429668529,0.2349203042767904,0.2123945434266594,0.09588681965774432,0.03873353170043941,0.04321127758000345
ags6_Mean_CMaxI_Days,ags6_Mean_CMaxI_Days = Missing,0.4204819277108434,0.6235912847483095,2490,1047,1443,-0.3207953216924217,4,INT,0.5144963144963145,0.736976506639428,0.0799391258042744,0.7085308056872038,0.5945205479452055,0.01084500630500177,0.01156676108990766,0.2349203042767904,0.2123945434266594,0.09588681965774432,0.03873353170043941,0.04321127758000345
ags6_Mean_CMaxI_Due,0.450 <= ags6_Mean_CMaxI_Due,0.845360824742268,0.02429251189581768,97,82,15,1.69866359902905,0,INT,0.0402948402948403,0.007660878447395302,0.05383319661436679,0.005924170616113744,0.00821917808219178,0.02568805883878022,0.05068399196934047,0.2328249504960436,0.203060028026425,0.1278424945702905,0.05660948236000998,0.07331271798822771
ags6_Mean_CMaxI_Due,0.083 <= ags6_Mean_CMaxI_Due < 0.45,0.7204301075268817,0.02329075882794891,93,67,26,0.9465937277592339,1,INT,0.03292383292383293,0.01327885597548519,0.01775029675795907,0.01066350710900474,0.01917808219178082,0.009801014952854913,0.007398797380234459,0.2328249504960436,0.203060028026425,0.1278424945702905,0.05660948236000998,0.07331271798822771
ags6_Mean_CMaxI_Due,ags6_Mean_CMaxI_Due < 0.083,0.639331814730448,0.3298271975957927,1317,842,475,0.5724651184462305,2,INT,0.4137592137592138,0.2425944841675179,0.09135446175645363,0.2748815165876777,0.3780821917808219,0.01000935216832539,0.003216275834700869,0.2328249504960436,0.203060028026425,0.1278424945702905,0.05660948236000998,0.07331271798822771
ags6_Mean_CMaxI_Due,ags6_Mean_CMaxI_Due = Missing,0.4199517296862429,0.6225895316804407,2486,1044,1442,-0.3229715229649995,3,INT,0.513022113022113,0.7364657814096016,0.08077146614425035,0.7085308056872038,0.5945205479452055,0.01111105640004946,0.01201365280395191,0.2328249504960436,0.203060028026425,0.1278424945702905,0.05660948236000998,0.07331271798822771
app_installment,199.5 <= app_installment < 208.5,0.5928571428571429,0.6661657901327322,2660,1577,1083,0.3757893110374876,0,INT,0.774938574938575,0.5531154239019408,0.07479107405472346,0.6729857819905213,0.8054794520547945,6.945553641578919e-05,0.001180375351122815,0.2286061342241117,0.2378928704206824,0.04062330273021705,0.005463941651158738,0.01423693824993645
app_installment,121.5 <= app_installment < 199.5,0.364321608040201,0.09967443025294265,398,145,253,-0.5566554519088501,1,INT,0.07125307125307126,0.1292134831460674,0.03446321283095519,0.08886255924170616,0.05205479452054795,0.001240082055778823,0.006017205938360248,0.2286061342241117,0.2378928704206824,0.04062330273021705,0.005463941651158738,0.01423693824993645
app_installment,208.500 <= app_installment,0.3631840796019901,0.1510142749812171,603,219,384,-0.5615706265669583,2,INT,0.1076167076167076,0.1961184882533197,0.05307664818784873,0.1682464454976303,0.1123287671232877,0.001860862340632187,0.000201747472238844,0.2286061342241117,0.2378928704206824,0.04062330273021705,0.005463941651158738,0.01423693824993645
app_installment,app_installment < 121.5,0.283132530120482,0.08314550463310794,332,94,238,-0.9289752477402283,3,INT,0.04619164619164619,0.1215526046986721,0.07281435824110857,0.06990521327014218,0.03013698630136986,0.00229354171833194,0.006837609488214544,0.2286061342241117,0.2378928704206824,0.04062330273021705,0.005463941651158738,0.01423693824993645
ags12_Max_CMaxA_Days,15.500 <= ags12_Max_CMaxA_Days,0.6363636363636364,0.04958677685950413,198,126,72,0.559615192697977,0,INT,0.06191646191646192,0.03677221654749745,0.01307353756449994,0.06279620853080568,0.08767123287671233,0.003114084490859279,0.008945506035287177,0.2285898211332329,0.2328252352217803,0.01852844570047081,0.007339999149756883,0.01136679098636473
ags12_Max_CMaxA_Days,ags12_Max_CMaxA_Days < 15.5,0.58014440433213,0.6937139994991235,2770,1607,1163,0.3233661894620807,1,INT,0.7896805896805896,0.593973442288049,0.05572804476206002,0.6563981042654028,0.7534246575342466,0.002062975916381309,0.001703790637418318,0.2285898211332329,0.2328252352217803,0.01852844570047081,0.007339999149756883,0.01136679098636473
ags12_Max_CMaxA_Days,ags12_Max_CMaxA_Days = Missing,0.2946341463414634,0.2566992236413724,1025,302,723,-0.8729820119706989,2,INT,0.1484029484029484,0.3692543411644535,0.2012291097753662,0.2808056872037915,0.1589041095890411,0.002162938742516296,0.0007174943136592325,0.2285898211332329,0.2328252352217803,0.01852844570047081,0.007339999149756883,0.01136679098636473
ags6_Max_CMaxI_Days,ags6_Max_CMaxI_Days < 13.5,0.7578125,0.03205609817180065,128,97,31,1.140721579144292,0,INT,0.04766584766584767,0.01583248212461696,0.03495147469828512,0.02725118483412322,0.04657534246575343,0.000777638044928605,2.518507965981004e-05,0.2278303840101592,0.2070866817284869,0.09104888433470464,0.03981030029198934,0.03406836879934998
ags6_Max_CMaxI_Days,14.500 <= ags6_Max_CMaxI_Days,0.6492602262837249,0.2877535687453043,1149,746,403,0.6157889241663993,1,INT,0.3665847665847666,0.2058222676200204,0.09276056900376412,0.2049763033175356,0.2821917808219178,0.02806726982234373,0.02207394012407985,0.2278303840101592,0.2070866817284869,0.09104888433470464,0.03981030029198934,0.03406836879934998
ags6_Max_CMaxI_Days,13.5 <= ags6_Max_CMaxI_Days < 14.5,0.6415929203539823,0.05659904833458552,226,145,81,0.582284042835931,2,INT,0.07125307125307126,0.04136874361593463,0.01621823687036838,0.05924170616113744,0.07671232876712329,0.000120386119715231,0.0004024825057026558,0.2278303840101592,0.2070866817284869,0.09104888433470464,0.03981030029198934,0.03406836879934998
ags6_Max_CMaxI_Days,ags6_Max_CMaxI_Days = Missing,0.4204819277108434,0.6235912847483095,2490,1047,1443,-0.3207953216924217,3,INT,0.5144963144963145,0.736976506639428,0.0799391258042744,0.7085308056872038,0.5945205479452055,0.01084500630500177,0.01156676108990766,0.2278303840101592,0.2070866817284869,0.09104888433470464,0.03981030029198934,0.03406836879934998
act12_n_arrears_days,0.500 <= act12_n_arrears_days,0.6363636363636364,0.04958677685950413,198,126,72,0.559615192697977,0,INT,0.06191646191646192,0.03677221654749745,0.01307353756449994,0.06279620853080568,0.08767123287671233,0.003114084490859279,0.008945506035287177,0.2249705736937608,0.2233019704292618,0.007416984528698388,0.01499156846789048,0.021101173556497
act12_n_arrears_days,act12_n_arrears_days < 0.5,0.5761589403973509,0.7185073879288756,2869,1653,1216,0.3070250135541391,1,INT,0.8122850122850123,0.6210418794688458,0.05133249788979373,0.6623222748815166,0.7534246575342466,0.004574138242427726,0.004427042631853898,0.2249705736937608,0.2233019704292618,0.007416984528698388,0.01499156846789048,0.021101173556497
act12_n_arrears_days,act12_n_arrears_days = Missing,0.2764578833693305,0.2319058352116203,926,256,670,-0.9621000265342458,2,INT,0.1257985257985258,0.3421859039836568,0.2164241927566833,0.2748815165876777,0.1589041095890411,0.007303345734603479,0.007728624889355929,0.2249705736937608,0.2233019704292618,0.007416984528698388,0.01499156846789048,0.021101173556497
act_cus_active,act_cus_active < inf,0.587783595113438,0.7175056348610067,2865,1684,1181,0.3548103533133293,0,INT,0.8275184275184275,0.6031664964249234,0.07093854644572031,0.7120853080568721,0.8328767123287671,4.109703387924713e-05,3.457954930149317e-05,0.2243519310935043,0.2128349586753226,0.05133440288232522,0.0001440776159210759,0.0002035800524364324
act_cus_active,act_cus_active = Missing,0.3111702127659575,0.2824943651389932,1128,351,777,-0.7946539707016578,1,INT,0.1724815724815725,0.3968335035750766,0.1868624453724191,0.287914691943128,0.1671232876712329,0.0001029805820418287,0.0001690005031349392,0.2243519310935043,0.2128349586753226,0.05133440288232522,0.0001440776159210759,0.0002035800524364324
ags12_Min_CMaxA_Due,0.000 <= ags12_Min_CMaxA_Due,0.5825885468387951,0.7565740045078888,3021,1760,1261,0.3334087295833201,0,INT,0.8648648648648649,0.6440245148110316,0.06510303602819519,0.7227488151658767,0.8410958904109589,0.001546907992518997,0.0006623065247883343,0.2208403500538334,0.2085280407241112,0.05575208211144764,0.005946239989673224,0.004510861051528262
ags12_Min_CMaxA_Due,ags12_Min_CMaxA_Due = Missing,0.2829218106995885,0.2434259954921112,972,275,697,-0.9300140929296679,1,INT,0.1351351351351351,0.3559754851889683,0.2138016690682128,0.2772511848341232,0.1589041095890411,0.004399331997154227,0.003848554526739928,0.2208403500538334,0.2085280407241112,0.05575208211144764,0.005946239989673224,0.004510861051528262
act3_n_arrears_days,0.000 <= act3_n_arrears_days,0.5800456472122595,0.7680941647883797,3067,1779,1288,0.3229607595731407,0,INT,0.8742014742014742,0.6578140960163432,0.06152994199211748,0.7251184834123223,0.8410958904109589,0.002474090811493703,0.001277898506549856,0.2163873781851309,0.2043526753796436,0.05561647313454168,0.009777436546097182,0.009006523395905786
act3_n_arrears_days,act3_n_arrears_days = Missing,0.2764578833693305,0.2319058352116203,926,256,670,-0.9621000265342458,1,INT,0.1257985257985258,0.3421859039836568,0.2164241927566833,0.2748815165876777,0.1589041095890411,0.007303345734603479,0.007728624889355929,0.2163873781851309,0.2043526753796436,0.05561647313454168,0.009777436546097182,0.009006523395905786
act_cc,0.809 <= act_cc,0.676056338028169,0.106686701728024,426,288,138,0.7357064175634844,0,INT,0.1415233415233415,0.07048008171603677,0.0494761624632386,0.1350710900473934,0.1698630136986301,0.006690424751310869,0.005169435009313194,0.2067285225610047,0.1588469128035004,0.2316158852408703,0.05527507494177382,0.04961472592649454
act_cc,0.548 <= act_cc < 0.728,0.6041152263374485,0.304282494365139,1215,734,481,0.4226416868483409,1,INT,0.3606879606879607,0.245658835546476,0.04416424865800556,0.3862559241706161,0.4219178082191781,0.01954852450812951,0.009598212932415015,0.2067285225610047,0.1588469128035004,0.2316158852408703,0.05527507494177382,0.04961472592649454
act_cc,0.728 <= act_cc < 0.809,0.4892966360856269,0.08189331329827197,327,160,167,-0.04281997098533939,2,INT,0.07862407862407862,0.08529111338100102,0.0005419830792722061,0.08530805687203792,0.0958904109589041,0.0001393308952731024,0.003423900535428712,0.2067285225610047,0.1588469128035004,0.2316158852408703,0.05527507494177382,0.04961472592649454
act_cc,act_cc < 0.548,0.4212345679012346,0.507137490608565,2025,853,1172,-0.3177073907362198,3,INT,0.4191646191646192,0.5985699693564862,0.06390565812228349,0.3933649289099526,0.3123287671232877,0.02889679478706034,0.03142317744933762,0.2067285225610047,0.1588469128035004,0.2316158852408703,0.05527507494177382,0.04961472592649454
agr9_Min_CMaxA_Due,0.000 <= agr9_Min_CMaxA_Due,0.5825892857142857,0.6731780616078137,2688,1566,1122,0.3334117651985095,0,INT,0.7695331695331695,0.5730337078651685,0.05792705125188982,0.6753554502369669,0.7917808219178082,7.030336711487206e-06,0.0006339892361904476,0.1964994616680009,0.2051419910201047,0.04398245816421564,2.158084367058451e-05,0.002891443924929315
agr9_Min_CMaxA_Due,agr9_Min_CMaxA_Due = Missing,0.3593869731800766,0.3268219383921863,1305,469,836,-0.5780257510360466,1,INT,0.2304668304668305,0.4269662921348314,0.1211219723848986,0.3246445497630332,0.2082191780821918,1.455050695909731e-05,0.002257454688738867,0.1964994616680009,0.2051419910201047,0.04398245816421564,2.158084367058451e-05,0.002891443924929315
act_loaninc,4.696 <= act_loaninc,0.6380208333333334,0.2885048835462058,1152,735,417,0.5667841736603231,0,INT,0.3611793611793612,0.2129724208375894,0.0782561398472119,0.3578199052132701,0.4684931506849315,0.01492010452316362,0.02791053488440485,0.1957525730763727,0.2504189664540855,0.2792627065820723,0.02925558337268852,0.07215507917986912
act_loaninc,3.648 <= act_loaninc < 4.291,0.6043478260869565,0.05760080140245429,230,139,91,0.4236140471375482,1,INT,0.0683046683046683,0.04647599591419816,0.008389976252121472,0.06872037914691943,0.09315068493150686,0.0019595903657837,0.007698546481798558,0.1957525730763727,0.2504189664540855,0.2792627065820723,0.02925558337268852,0.07215507917986912
act_loaninc,act_loaninc < 3.648,0.459755583649389,0.594290007513148,2373,1091,1282,-0.1613266379916375,2,INT,0.5361179361179361,0.6547497446373851,0.02371036256169103,0.5118483412322274,0.4054794520547945,0.01230952663759123,0.03647738508827518,0.1957525730763727,0.2504189664540855,0.2792627065820723,0.02925558337268852,0.07215507917986912
act_loaninc,4.291 <= act_loaninc < 4.696,0.2941176470588235,0.05960430753819183,238,70,168,-0.8754679040214098,3,INT,0.0343980343980344,0.08580183861082738,0.04689583885251861,0.06161137440758294,0.03287671232876712,6.63618461499682e-05,6.861272539053659e-05,0.1957525730763727,0.2504189664540855,0.2792627065820723,0.02925558337268852,0.07215507917986912
ags3_Max_CMaxI_Due,0.500 <= ags3_Max_CMaxI_Due,0.803030303030303,0.03305785123966942,132,106,26,1.405339653339917,0,INT,0.05208845208845209,0.01327885597548519,0.05282706715824502,0.01066350710900474,0.01917808219178082,0.02519628163403357,0.03277518835396025,0.1942896652804722,0.1676666571338692,0.1370274024002802,0.04344394422138195,0.04603950982316321
ags3_Max_CMaxI_Due,ags3_Max_CMaxI_Due < 0.5,0.6367521367521367,0.2930127723516153,1170,745,425,0.5612949483892317,1,INT,0.3660933660933661,0.2170582226762002,0.07787612217502864,0.240521327014218,0.326027397260274,0.01035829348880782,0.00464258092954435,0.1942896652804722,0.1676666571338692,0.1370274024002802,0.04344394422138195,0.04603950982316321
ags3_Max_CMaxI_Due,ags3_Max_CMaxI_Due = Missing,0.4399851356373096,0.6739293764087152,2691,1184,1507,-0.241222365080087,2,INT,0.5818181818181818,0.7696629213483146,0.05255007612718174,0.7488151658767772,0.6547945205479452,0.007889369098540567,0.008621740539658607,0.1942896652804722,0.1676666571338692,0.1370274024002802,0.04344394422138195,0.04603950982316321
ags3_Max_CMaxI_Days,ags3_Max_CMaxI_Days < 12.5,0.75,0.02804908590032557,112,84,28,1.098609907721398,0,INT,0.04127764127764127,0.0143003064351379,0.02847433905664266,0.02843601895734597,0.03835616438356165,5.282499393230072e-06,0.0002139153995661905,0.1907602653261489,0.1656990877112707,0.1313752503543138,0.03325244427187334,0.02824803997953897
ags3_Max_CMaxI_Days,14.500 <= ags3_Max_CMaxI_Days,0.6455882352941177,0.170298021537691,680,439,241,0.5997022924372499,1,INT,0.2157248157248157,0.1230847803881512,0.05195082100045923,0.1137440758293839,0.1561643835616438,0.02280861617059529,0.01923311783240323,0.1907602653261489,0.1656990877112707,0.1313752503543138,0.03325244427187334,0.02824803997953897
ags3_Max_CMaxI_Days,12.5 <= ags3_Max_CMaxI_Days < 13.5,0.6453488372093024,0.04307538191835712,172,111,61,0.5986555986965995,2,INT,0.05454545454545454,0.03115423901940756,0.01306892992402313,0.03554502369668246,0.05205479452054795,0.00144327538807877,0.0001161890981591742,0.1907602653261489,0.1656990877112707,0.1313752503543138,0.03325244427187334,0.02824803997953897
ags3_Max_CMaxI_Days,13.5 <= ags3_Max_CMaxI_Days < 14.5,0.6407185628742516,0.08364638116704233,334,214,120,0.5784839061964299,3,INT,0.1051597051597052,0.06128702757916241,0.02365755796127093,0.07345971563981042,0.09863013698630137,0.001321163922910602,0.0004181564171920666,0.1907602653261489,0.1656990877112707,0.1313752503543138,0.03325244427187334,0.02824803997953897
ags3_Max_CMaxI_Days,ags3_Max_CMaxI_Days = Missing,0.4404452690166976,0.6749311294765841,2695,1187,1508,-0.2393551360252338,4,INT,0.5832923832923833,0.7701736465781409,0.05193165594118194,0.7488151658767772,0.6547945205479452,0.007674106290895443,0.008266661232218316,0.1907602653261489,0.1656990877112707,0.1313752503543138,0.03325244427187334,0.02824803997953897
act_cins_cc,0.575 <= act_cins_cc,0.751984126984127,0.1262208865514651,504,379,125,1.109221931632653,0,INT,0.1862407862407862,0.06384065372829417,0.1309218517390989,0.1374407582938389,0.2,0.0009547539639627988,0.0009802072163482753,0.1870501665190123,0.1549746904223981,0.171480607013274,0.08628922552626657,0.08785988459430338
act_cins_cc,act_cins_cc < 0.29,0.6578947368421053,0.01903330828950664,76,50,26,0.6539246212582144,1,INT,0.02457002457002457,0.01327885597548519,0.006909217116515336,0.002369668246445498,0.005479452054794521,0.03411625140672325,0.02837810460137831,0.1870501665190123,0.1549746904223981,0.171480607013274,0.08628922552626657,0.08785988459430338
act_cins_cc,0.47 <= act_cins_cc < 0.575,0.6350877192982456,0.07137490608564989,285,181,104,0.5541057230724891,2,INT,0.08894348894348894,0.05311542390194075,0.01844344996899945,0.04976303317535545,0.07397260273972603,0.007781711743574762,0.002755828154962159,0.1870501665190123,0.1549746904223981,0.171480607013274,0.08628922552626657,0.08785988459430338
act_cins_cc,0.29 <= act_cins_cc < 0.47,0.501466275659824,0.08539944903581267,341,171,170,0.005865116012427716,3,INT,0.08402948402948403,0.08682328907048008,9.127055523431644e-05,0.03909952606635071,0.03287671232876712,0.03610677617528303,0.04790740779332057,0.1870501665190123,0.1549746904223981,0.171480607013274,0.08628922552626657,0.08785988459430338
act_cins_cc,act_cins_cc = Missing,0.44994617868676,0.6979714500375658,2787,1254,1533,-0.2008881431657047,4,INT,0.6162162162162163,0.7829417773237998,0.03991841421864076,0.7713270142180095,0.6876712328767123,0.007329732236722711,0.00783833682829408,0.1870501665190123,0.1549746904223981,0.171480607013274,0.08628922552626657,0.08785988459430338
act_cins_min_pninst,23.500 <= act_cins_min_pninst,0.7624521072796935,0.06536438767843726,261,199,62,1.166169329289912,0,INT,0.0977886977886978,0.03166496424923392,0.07442009106748011,0.05450236966824645,0.09041095890410959,0.001970685205590354,0.0005781208005034954,0.1838728783570458,0.1576915377355792,0.1423882676738625,0.02917810855103957,0.03067103545920203
act_cins_min_pninst,11.5 <= act_cins_min_pninst < 21.5,0.7218543046357616,0.07563235662409216,302,218,84,0.9536775321857845,1,INT,0.1071253071253071,0.04290091930541369,0.05868251677731789,0.05687203791469194,0.07945205479452055,0.005340029358886661,0.008261038934598295,0.1838728783570458,0.1576915377355792,0.1423882676738625,0.02917810855103957,0.03067103545920203
act_cins_min_pninst,21.5 <= act_cins_min_pninst < 23.5,0.5943396226415094,0.02654645629852241,106,63,43,0.3819338724196065,2,INT,0.03095823095823096,0.0219611848825332,0.00307738685402036,0.02251184834123223,0.03561643835616438,0.000662410560704569,0.0006509713500055899,0.1838728783570458,0.1576915377355792,0.1423882676738625,0.02917810855103957,0.03067103545920203
act_cins_min_pninst,act_cins_min_pninst < 11.5,0.5605214152700186,0.1344853493613824,537,301,236,0.2432783682204002,3,INT,0.1479115479115479,0.1205311542390194,0.0056007339783126,0.0947867298578199,0.1068493150684932,0.01387525118913527,0.01334256754580057,0.1838728783570458,0.1576915377355792,0.1423882676738625,0.02917810855103957,0.03067103545920203
act_cins_min_pninst,act_cins_min_pninst = Missing,0.44994617868676,0.6979714500375658,2787,1254,1533,-0.2008881431657047,4,INT,0.6162162162162163,0.7829417773237998,0.03991841421864076,0.7713270142180095,0.6876712328767123,0.007329732236722711,0.00783833682829408,0.1838728783570458,0.1576915377355792,0.1423882676738625,0.02917810855103957,0.03067103545920203
app_number_of_children,app_number_of_children < 0.5,0.5749516441005803,0.5179063360881543,2068,1189,879,0.3020829693442543,0,INT,0.5842751842751843,0.4489274770173647,0.03565858967271707,0.6161137440758294,0.6876712328767123,0.01704943617139078,0.01684456634965426,0.1833084454126332,0.1473446392312752,0.1961928491641637,0.04507938092315871,0.04973774190484756
app_number_of_children,0.5 <= app_number_of_children < 1.5,0.5195227765726681,0.2309040821437516,922,479,443,0.07813081040041618,1,INT,0.2353808353808354,0.2262512768130746,0.0003609956821180696,0.2026066350710901,0.189041095890411,0.003697785750393854,0.0101547170196125,0.1833084454126332,0.1473446392312752,0.1961928491641637,0.04507938092315871,0.04973774190484756
app_number_of_children,1.5 <= app_number_of_children < 2.5,0.4328767123287671,0.1828199348860506,730,316,414,-0.2701236853286207,2,INT,0.1552825552825553,0.2114402451481103,0.0173260563204973,0.1386255924170616,0.1095890410958904,0.01222197706070126,0.01591234188328988,0.1833084454126332,0.1473446392312752,0.1961928491641637,0.04507938092315871,0.04973774190484756
app_number_of_children,2.500 <= app_number_of_children,0.1868131868131868,0.06836964688204357,273,51,222,-1.470850238815911,3,INT,0.02506142506142506,0.1133810010214505,0.1330378404879694,0.04265402843601896,0.0136986301369863,0.01211018194067281,0.00682611665229092,0.1833084454126332,0.1473446392312752,0.1961928491641637,0.04507938092315871,0.04973774190484756
agr12_Min_CMaxA_Due,0.000 <= agr12_Min_CMaxA_Due,0.5795715378729915,0.6546456298522414,2614,1515,1099,0.32101473855464,0,INT,0.7444717444717445,0.5612870275791624,0.05173111804601227,0.659952606635071,0.7698630136986301,4.28417908441356e-05,0.0008514521869863922,0.1831847168925822,0.1936625961620957,0.05719843580432324,0.0001250019210948577,0.003507762574762536
agr12_Min_CMaxA_Due,agr12_Min_CMaxA_Due = Missing,0.3770848440899202,0.3453543701477586,1379,520,859,-0.5019400345155371,1,INT,0.2555282555282555,0.4387129724208376,0.09898368391654781,0.3400473933649289,0.2301369863013699,8.216013025072211e-05,0.002656310387776143,0.1831847168925822,0.1936625961620957,0.05719843580432324,0.0001250019210948577,0.003507762574762536
app_income,app_income < 582.5,0.7004950495049505,0.1011770598547458,404,283,121,0.849655878957385,0,INT,0.1390663390663391,0.06179775280898876,0.06260192884565356,0.1267772511848341,0.1698630136986301,0.005769263338675474,0.006156592337680658,0.1812926493212497,0.203237338061601,0.1210456619311989,0.05342589289122552,0.07685765290164391
app_income,582.5 <= app_income < 1064.5,0.5573394495412844,0.2183821687953919,872,486,386,0.2303712011296346,1,INT,0.2388206388206388,0.1971399387129724,0.00799062748338396,0.2535545023696683,0.3068493150684932,0.005250128871480933,0.01704466611559067,0.1812926493212497,0.203237338061601,0.1210456619311989,0.05342589289122552,0.07685765290164391
app_income,2126.500 <= app_income,0.5438034188034188,0.2344102178812923,936,509,427,0.1756639655935231,2,INT,0.2501228501228501,0.2180796731358529,0.00439097296889144,0.1469194312796208,0.1479452054794521,0.04085245763004711,0.05362632767070459,0.1812926493212497,0.203237338061601,0.1210456619311989,0.05342589289122552,0.07685765290164391
app_income,1064.5 <= app_income < 2126.5,0.425042111173498,0.44603055346857,1781,757,1024,-0.302108517717862,3,INT,0.371990171990172,0.5229826353421859,0.05142852093890479,0.4727488151658768,0.3753424657534247,0.001554043051022,3.006677766799105e-05,0.1812926493212497,0.203237338061601,0.1210456619311989,0.05342589289122552,0.07685765290164391
act_cins_utl,0.986 <= act_cins_utl,0.7894736842105263,0.01903330828950664,76,60,16,1.321751256667129,0,INT,0.02948402948402949,0.008171603677221655,0.02716068899202213,0.01421800947867299,0.01917808219178082,0.00139601558981705,0.0044136853638527,0.1784032244706402,0.1492950496182113,0.1631594660847581,0.02779551108671439,0.02573898454371022
act_cins_utl,0.439 <= act_cins_utl < 0.844,0.6851520572450805,0.1399949912346607,559,383,176,0.777550687057409,1,INT,0.1882063882063882,0.0898876404494382,0.07259836947998889,0.1042654028436019,0.1452054794520548,0.01051959370925498,0.0111472150013255,0.1784032244706402,0.1492950496182113,0.1631594660847581,0.02779551108671439,0.02573898454371022
act_cins_utl,0.844 <= act_cins_utl < 0.986,0.625,0.05008765339343852,200,125,75,0.5108250904332262,2,INT,0.06142506142506143,0.03830439223697651,0.01089614159121941,0.03909952606635071,0.05753424657534247,0.002715214517217899,0.0002541777713824596,0.1784032244706402,0.1492950496182113,0.1631594660847581,0.02779551108671439,0.02573898454371022
act_cins_utl,act_cins_utl < 0.439,0.5741239892183289,0.09291259704482845,371,213,158,0.2986969692547241,3,INT,0.1046683046683047,0.08069458631256383,0.006229362804403818,0.07109004739336493,0.09041095890410959,0.005834955033701756,0.002085569578855475,0.1784032244706402,0.1492950496182113,0.1631594660847581,0.02779551108671439,0.02573898454371022
act_cins_utl,act_cins_utl = Missing,0.44994617868676,0.6979714500375658,2787,1254,1533,-0.2008881431657047,4,INT,0.6162162162162163,0.7829417773237998,0.03991841421864076,0.7713270142180095,0.6876712328767123,0.007329732236722711,0.00783833682829408,0.1784032244706402,0.1492950496182113,0.1631594660847581,0.02779551108671439,0.02573898454371022
act_ccss_n_statB,6.500 <= act_ccss_n_statB,0.6495016611295681,0.1507638367142499,602,391,211,0.6168492083302053,0,INT,0.1921375921375921,0.1077630234933606,0.04875752733289138,0.1860189573459716,0.2273972602739726,0.007403869308289871,0.005937944238668126,0.1774911972051911,0.1262390253667744,0.2887589505589165,0.05299753493298862,0.05649474891984588
act_ccss_n_statB,3.5 <= act_ccss_n_statB < 6.5,0.5685714285714286,0.1753067868770348,700,398,302,0.2760249080400449,1,INT,0.1955773955773956,0.1542390194075587,0.009810247938689096,0.2156398104265403,0.2273972602739726,0.008347537421255663,0.004794325529861839,0.1774911972051911,0.1262390253667744,0.2887589505589165,0.05299753493298862,0.05649474891984588
act_ccss_n_statB,act_ccss_n_statB < 0.5,0.5018754688672168,0.3338342098672677,1333,669,664,0.007501909526216248,2,INT,0.3287469287469287,0.3391215526046987,0.0003222468254092538,0.2393364928909953,0.2383561643835616,0.03143521182669855,0.02905221391896045,0.1774911972051911,0.1262390253667744,0.2887589505589165,0.05299753493298862,0.05649474891984588
act_ccss_n_statB,0.5 <= act_ccss_n_statB < 3.5,0.4485798237022527,0.2556974705735036,1021,458,563,-0.2064104033047955,3,INT,0.2250614250614251,0.287538304392237,0.01529972641936012,0.2511848341232227,0.2136986301369863,8.031999992694267e-05,0.0005883995905748025,0.1774911972051911,0.1262390253667744,0.2887589505589165,0.05299753493298862,0.05649474891984588
act_ccss_n_statB,act_ccss_n_statB = Missing,0.3531157270029673,0.0843976959679439,337,119,218,-0.6053711880572694,4,INT,0.05847665847665848,0.1113381001021451,0.03399693663762941,0.1078199052132701,0.09315068493150686,0.005730596376817579,0.01612186564178066,0.1774911972051911,0.1262390253667744,0.2887589505589165,0.05299753493298862,0.05649474891984588
act_call_cc,1.477 <= act_call_cc,0.631236442516269,0.1154520410718758,461,291,170,0.5375245855286621,0,INT,0.142997542997543,0.08682328907048008,0.02800289488935574,0.1646919431279621,0.2136986301369863,0.01747832990897434,0.02838705738127891,0.1725162064283619,0.1262275860096662,0.2683146202726014,0.04767911299888341,0.09795889575175143
act_call_cc,0.75 <= act_call_cc < 0.979,0.6302083333333334,0.1923365890308039,768,484,284,0.5331105230543605,1,INT,0.2378378378378379,0.1450459652706844,0.04586419810708582,0.1883886255924171,0.1726027397260274,8.183744641965692e-05,0.02090377859422756,0.1725162064283619,0.1262275860096662,0.2683146202726014,0.04767911299888341,0.09795889575175143
act_call_cc,0.979 <= act_call_cc < 1.477,0.4864376130198915,0.276984723265715,1106,538,568,-0.05426284874210078,2,INT,0.2643734643734644,0.2900919305413687,0.002386715092450077,0.3234597156398104,0.3479452054794521,0.007206429499995201,0.02294808553633535,0.1725162064283619,0.1262275860096662,0.2683146202726014,0.04767911299888341,0.09795889575175143
act_call_cc,act_call_cc < 0.75,0.4354644149577804,0.4152266466316053,1658,722,936,-0.2595903059182214,3,INT,0.3547911547911548,0.4780388151174668,0.03673889041859146,0.3234597156398104,0.2657534246575343,0.02291251614349421,0.0257199742399096,0.1725162064283619,0.1262275860096662,0.2683146202726014,0.04767911299888341,0.09795889575175143
act_cins_maxdue,0.500 <= act_cins_maxdue,0.8636363636363636,0.02203856749311295,88,76,12,1.845819672988328,0,INT,0.03734643734643735,0.006128702757916241,0.05599660814193919,0.008293838862559242,0.01643835616438356,0.01332995745947365,0.01708669603256992,0.1724798156871701,0.1494609202962793,0.1334584878768688,0.03492502754124011,0.03289444146043753
act_cins_maxdue,act_cins_maxdue < 0.5,0.6305903398926654,0.2799899824693213,1118,705,413,0.5347501095644762,1,INT,0.3464373464373464,0.210929519918284,0.06721087461965325,0.2203791469194313,0.2958904109589041,0.01426533784504375,0.007969408599573534,0.1724798156871701,0.1494609202962793,0.1334584878768688,0.03492502754124011,0.03289444146043753
act_cins_maxdue,act_cins_maxdue = Missing,0.44994617868676,0.6979714500375658,2787,1254,1533,-0.2008881431657047,2,INT,0.6162162162162163,0.7829417773237998,0.03991841421864076,0.7713270142180095,0.6876712328767123,0.007329732236722711,0.00783833682829408,0.1724798156871701,0.1494609202962793,0.1334584878768688,0.03492502754124011,0.03289444146043753
app_n_installments,18 <= app_n_installments < 30,0.5654064904650384,0.7485599799649386,2989,1690,1299,0.2631337734358244,0,INT,0.8304668304668305,0.6634320735444331,0.03750451498797473,0.7535545023696683,0.852054794520548,3.32092198390716e-05,0.0005539427981850088,0.1699118842121905,0.18387622615609,0.08218578711339851,0.004859663478316512,0.02780113414489771
app_n_installments,30.000 <= app_n_installments,0.3764367816091954,0.08715251690458302,348,131,217,-0.5046997278102077,1,INT,0.06437346437346438,0.1108273748723187,0.02520691255261511,0.1018957345971564,0.08493150684931507,0.002301778773666063,0.005689810819060555,0.1699118842121905,0.18387622615609,0.08218578711339851,0.004859663478316512,0.02780113414489771
app_n_installments,app_n_installments < 18,0.326219512195122,0.1642875031304783,656,214,442,-0.7253336260105544,2,INT,0.1051597051597052,0.2257405515832482,0.09205124301006319,0.1445497630331753,0.06301369863013699,0.002524675484811378,0.02155738052765215,0.1699118842121905,0.18387622615609,0.08218578711339851,0.004859663478316512,0.02780113414489771
act_cins_n_loans_act,act_cins_n_loans_act < 1.5,0.6553620531622365,0.2732281492612071,1091,715,376,0.6426932732068318,0,INT,0.3513513513513514,0.1920326864147089,0.09621016635645385,0.2227488151658768,0.3041095890410959,0.01030684532959412,0.006819556120978265,0.1692902299643873,0.1473503589098293,0.129599156780479,0.05350823686463348,0.04767687959662731
act_cins_n_loans_act,1.500 <= act_cins_n_loans_act,0.5739130434782609,0.02880040070122715,115,66,49,0.2978339182519221,1,INT,0.03243243243243243,0.02502553626149132,0.001913592386174543,0.005924170616113744,0.00821917808219178,0.03587165929831664,0.03301898664735496,0.1692902299643873,0.1473503589098293,0.129599156780479,0.05350823686463348,0.04767687959662731
act_cins_n_loans_act,act_cins_n_loans_act = Missing,0.44994617868676,0.6979714500375658,2787,1254,1533,-0.2008881431657047,2,INT,0.6162162162162163,0.7829417773237998,0.03991841421864076,0.7713270142180095,0.6876712328767123,0.007329732236722711,0.00783833682829408,0.1692902299643873,0.1473503589098293,0.129599156780479,0.05350823686463348,0.04767687959662731
agr6_Max_CMaxA_Days,agr6_Max_CMaxA_Days < 15,0.660377358490566,0.01327322814926121,53,35,18,0.6649736051919011,0,INT,0.0171990171990172,0.009193054136874362,0.004974764833861662,0.008293838862559242,0.01643835616438356,0.002319184625271431,3.420494246307497e-05,0.1676032053968723,0.1830697514799668,0.09228072963444124,0.002364667915135467,0.001236431126518867
agr6_Max_CMaxA_Days,15.000 <= agr6_Max_CMaxA_Days,0.5703185703185704,0.6446280991735537,2574,1468,1106,0.2831510047961604,1,INT,0.7213759213759213,0.5648621041879469,0.03827394331998554,0.6457345971563981,0.736986301369863,1.897370952255052e-06,0.0003341554644339662,0.1676032053968723,0.1830697514799668,0.09228072963444124,0.002364667915135467,0.001236431126518867
agr6_Max_CMaxA_Days,agr6_Max_CMaxA_Days = Missing,0.3894582723279649,0.3420986726771851,1366,532,834,-0.4495898449512648,2,INT,0.2614250614250614,0.4259448416751788,0.08028803612319403,0.3459715639810427,0.2465753424657534,4.3585918911781e-05,0.0008680707196218256,0.1676032053968723,0.1830697514799668,0.09228072963444124,0.002364667915135467,0.001236431126518867
agr6_Mean_CMaxI_Due,0.417 <= agr6_Mean_CMaxI_Due,0.8285714285714286,0.01753067868770348,70,58,12,1.575529751596253,0,INT,0.0285012285012285,0.006128702757916241,0.03410202901003919,0.004739336492890996,0.005479452054794521,0.01653745136535585,0.0376258497870227,0.1560706030573242,0.1487745588697915,0.04674835647846443,0.04029082735541255,0.04938557589385165
agr6_Mean_CMaxI_Due,0.083 <= agr6_Mean_CMaxI_Due < 0.417,0.725,0.02003506135737541,80,58,22,0.9693977358803334,1,INT,0.0285012285012285,0.01123595505617977,0.01597849492544686,0.01066350710900474,0.01917808219178082,0.005869415676050442,0.003677802761354548,0.1560706030573242,0.1487745588697915,0.04674835647846443,0.04029082735541255,0.04938557589385165
agr6_Mean_CMaxI_Due,agr6_Mean_CMaxI_Due < 0.083,0.636986301369863,0.2193839218632607,876,558,318,0.5623074443472282,2,INT,0.2742014742014742,0.1624106230847804,0.0585207666088492,0.1718009478672986,0.2465753424657534,0.01162740190955708,0.002932643816959541,0.1560706030573242,0.1487745588697915,0.04674835647846443,0.04029082735541255,0.04938557589385165
agr6_Mean_CMaxI_Due,agr6_Mean_CMaxI_Due = Missing,0.4587125042130098,0.7430503380916604,2967,1361,1606,-0.1655268806463566,3,INT,0.6687960687960688,0.8202247191011236,0.03090228177256724,0.8127962085308057,0.7287671232876712,0.006256558404449162,0.005149279528514854,0.1560706030573242,0.1487745588697915,0.04674835647846443,0.04029082735541255,0.04938557589385165
agr12_Max_CMaxI_Due,0.500 <= agr12_Max_CMaxI_Due,0.7727272727272727,0.04958677685950413,198,153,45,1.22377386299692,0,INT,0.07518427518427519,0.0229826353421859,0.0617122913735842,0.01540284360189573,0.0273972602739726,0.03981455258335786,0.04813036034961542,0.1533731707378285,0.1278176566476963,0.1666231060308198,0.05057710489523651,0.05535277442590077
agr12_Max_CMaxI_Due,agr12_Max_CMaxI_Due < 0.5,0.6551724137931034,0.1670423240671174,667,437,230,0.6418536802228063,1,INT,0.2147420147420147,0.1174668028600613,0.05864685908578123,0.1374407582938389,0.1972602739726027,0.005770096819643113,0.001483711744091596,0.1533731707378285,0.1278176566476963,0.1666231060308198,0.05057710489523651,0.05535277442590077
agr12_Max_CMaxI_Due,agr12_Max_CMaxI_Due = Missing,0.4619565217391304,0.7833708990733784,3128,1445,1683,-0.1524685838578283,2,INT,0.7100737100737101,0.8595505617977528,0.02855252725940388,0.8471563981042654,0.7753424657534247,0.004992455492235539,0.005738702332193766,0.1533731707378285,0.1278176566476963,0.1666231060308198,0.05057710489523651,0.05535277442590077
agr6_Min_CMaxI_Due,0.000 <= agr6_Min_CMaxI_Due,0.6569200779727096,0.2569496619083396,1026,674,352,0.6495987995912827,0,INT,0.3312039312039312,0.1797752808988764,0.09248844750316834,0.1872037914691943,0.2712328767123288,0.02207718006180957,0.01197560672428505,0.1514286503050548,0.1480595990505333,0.02224844009198046,0.02833373846625874,0.0171248862527999
agr6_Min_CMaxI_Due,agr6_Min_CMaxI_Due = Missing,0.4587125042130098,0.7430503380916604,2967,1361,1606,-0.1655268806463566,1,INT,0.6687960687960688,0.8202247191011236,0.03090228177256724,0.8127962085308057,0.7287671232876712,0.006256558404449162,0.005149279528514854,0.1514286503050548,0.1480595990505333,0.02224844009198046,0.02833373846625874,0.0171248862527999
agr3_Min_CMaxI_Days,agr3_Min_CMaxI_Days < 8.5,0.6685714285714286,0.0438266967192587,175,117,58,0.7017300548153814,0,INT,0.05749385749385749,0.0296220633299285,0.01843792426021756,0.03672985781990521,0.06301369863013699,0.001250558047579957,0.000505186451612052,0.1496505233992467,0.1472359653387481,0.01613464494244978,0.05280068487957493,0.06597459595437527
agr3_Min_CMaxI_Days,9.5 <= agr3_Min_CMaxI_Days < 11.5,0.6570605187319885,0.08690207863761583,347,228,119,0.650221734103525,1,INT,0.112039312039312,0.06077630234933606,0.0313164691111967,0.0924170616113744,0.1287671232876712,0.0003389567358852079,0.002325832628102432,0.1496505233992467,0.1472359653387481,0.01613464494244978,0.05280068487957493,0.06597459595437527
agr3_Min_CMaxI_Days,8.5 <= agr3_Min_CMaxI_Days < 9.5,0.6312056737588653,0.03531179564237415,141,89,52,0.537391851670513,2,INT,0.04373464373464373,0.02655771195097038,0.008542877796426174,0.03199052132701422,0.03835616438356165,0.0003270932900562442,0.0007040722727803091,0.1496505233992467,0.1472359653387481,0.01613464494244978,0.05280068487957493,0.06597459595437527
agr3_Min_CMaxI_Days,11.500 <= agr3_Min_CMaxI_Days,0.6158798283261803,0.1167042324067117,466,287,179,0.4720961996917992,3,INT,0.141031941031941,0.09141981613891727,0.02148898020673506,0.05568720379146919,0.06575342465753424,0.04508882530693997,0.05738208577058017,0.1496505233992467,0.1472359653387481,0.01613464494244978,0.05280068487957493,0.06597459595437527
agr3_Min_CMaxI_Days,agr3_Min_CMaxI_Days = Missing,0.4587988826815643,0.7172551965940396,2864,1314,1550,-0.1651789992813656,4,INT,0.6457002457002456,0.7916241062308478,0.029728008935764,0.783175355450237,0.7041095890410959,0.005795251499113549,0.005057418831300308,0.1496505233992467,0.1472359653387481,0.01613464494244978,0.05280068487957493,0.06597459595437527
agr12_Min_CMaxI_Due,0.000 <= agr12_Min_CMaxI_Due,0.6820809248554913,0.2166291009266216,865,590,275,0.7633512450884075,0,INT,0.2899262899262899,0.1404494382022472,0.1082828660054949,0.1528436018957346,0.2246575342465753,0.02223428243421129,0.01664022867722212,0.1494768517240428,0.1265364486515856,0.1534712753705079,0.02722673792644682,0.02237893100941589
agr12_Min_CMaxI_Due,agr12_Min_CMaxI_Due = Missing,0.4619565217391304,0.7833708990733784,3128,1445,1683,-0.1524685838578283,1,INT,0.7100737100737101,0.8595505617977528,0.02855252725940388,0.8471563981042654,0.7753424657534247,0.004992455492235539,0.005738702332193766,0.1494768517240428,0.1265364486515856,0.1534712753705079,0.02722673792644682,0.02237893100941589
agr6_Min_CMaxI_Days,6.5 <= agr6_Min_CMaxI_Days < 9.5,0.6938202247191011,0.08915602304032057,356,247,109,0.8180399418262794,0,INT,0.1213759213759214,0.05566905005107253,0.05115260274723417,0.06161137440758294,0.09041095890410959,0.01016509474081508,0.00911128937473725,0.1310056644070945,0.1328910115251523,0.01439134045531903,0.03277770631091859,0.0442654590793902
agr6_Min_CMaxI_Days,9.5 <= agr6_Min_CMaxI_Days < 10.5,0.6461538461538462,0.04883546205860256,195,126,69,0.6021747467303852,1,INT,0.06191646191646192,0.03524004085801839,0.01500237214785807,0.03554502369668246,0.04657534246575343,0.004211643956736586,0.004359698203820071,0.1310056644070945,0.1328910115251523,0.01439134045531903,0.03277770631091859,0.0442654590793902
agr6_Min_CMaxI_Days,agr6_Min_CMaxI_Days < 6.5,0.6376811594202898,0.01728024042073629,69,44,25,0.5653120817827506,2,INT,0.02162162162162162,0.01276813074565884,0.004635283950503878,0.02488151658767773,0.04657534246575343,0.002757760187497313,0.01908729756097265,0.1310056644070945,0.1328910115251523,0.01439134045531903,0.03277770631091859,0.0442654590793902
agr6_Min_CMaxI_Days,10.500 <= agr6_Min_CMaxI_Days,0.5813253012048193,0.08314550463310794,332,193,139,0.328216054484573,3,INT,0.09484029484029484,0.07099080694586313,0.006899422830454039,0.05568720379146919,0.0684931506849315,0.01099017416595613,0.008564284990604572,0.1310056644070945,0.1328910115251523,0.01439134045531903,0.03277770631091859,0.0442654590793902
agr6_Min_CMaxI_Days,agr6_Min_CMaxI_Days = Missing,0.4685958566261098,0.7615827698472326,3041,1425,1616,-0.1257821380840399,4,INT,0.7002457002457002,0.8253319713993871,0.02055577472474928,0.8222748815165877,0.7479452054794521,0.004653033259913484,0.003142888949255664,0.1310056644070945,0.1328910115251523,0.01439134045531903,0.03277770631091859,0.0442654590793902
agr9_Max_CMaxI_Days,agr9_Max_CMaxI_Days < 14.5,0.7058823529411765,0.01702980215376909,68,48,20,0.8754658206975631,0,INT,0.02358722358722359,0.01021450459652707,0.01111787390936851,0.01540284360189573,0.02191780821917808,0.0001623644393233731,0.0001220079253832655,0.127768896206077,0.1229273314839705,0.03789314039543396,0.02072340165977058,0.0122545491705767
agr9_Max_CMaxI_Days,14.500 <= agr9_Max_CMaxI_Days,0.6551282051282051,0.1953418482344102,780,511,269,0.6416580345494196,1,INT,0.2511056511056511,0.1373850868232891,0.0685458069193694,0.1421800947867299,0.2054794520547945,0.01687701043389582,0.009145285386977751,0.127768896206077,0.1229273314839705,0.03789314039543396,0.02072340165977058,0.0122545491705767
agr9_Max_CMaxI_Days,agr9_Max_CMaxI_Days = Missing,0.4693163751987282,0.7876283496118207,3145,1476,1669,-0.1228889106668577,2,INT,0.7253071253071253,0.8524004085801838,0.02051802086922716,0.8424170616113744,0.7726027397260274,0.003684026786551384,0.002987255858215678,0.127768896206077,0.1229273314839705,0.03789314039543396,0.02072340165977058,0.0122545491705767
agr6_Max_CMaxI_Days,agr6_Max_CMaxI_Days < 14.5,0.6772486772486772,0.0473328324567994,189,128,61,0.7411555416530821,0,INT,0.0628992628992629,0.03115423901940756,0.02225224623892037,0.0462085308056872,0.05753424657534247,2.697026743359229e-05,0.0004775190543687968,0.1267341443030923,0.1284639803243057,0.01364932892178176,0.02691936770132914,0.01195262497510266
agr6_Max_CMaxI_Days,14.500 <= agr6_Max_CMaxI_Days,0.6317169069462647,0.1910843976959679,763,482,281,0.5395892963138899,1,INT,0.2368550368550369,0.1435137895812053,0.04673995056120155,0.1315165876777251,0.1945205479452055,0.02223936417398206,0.008332216971478198,0.1267341443030923,0.1284639803243057,0.01364932892178176,0.02691936770132914,0.01195262497510266
agr6_Max_CMaxI_Days,agr6_Max_CMaxI_Days = Missing,0.4685958566261098,0.7615827698472326,3041,1425,1616,-0.1257821380840399,2,INT,0.7002457002457002,0.8253319713993871,0.02055577472474928,0.8222748815165877,0.7479452054794521,0.004653033259913484,0.003142888949255664,0.1267341443030923,0.1284639803243057,0.01364932892178176,0.02691936770132914,0.01195262497510266
agr12_Mean_CMaxI_Days,11.708 <= agr12_Mean_CMaxI_Days < 12.208,0.8148148148148148,0.0270473328324568,108,88,20,1.481600677299706,0,INT,0.04324324324324325,0.01021450459652707,0.04741604755624952,0.02606635071090047,0.0273972602739726,3.610459772775581e-05,0.007210943565218699,0.1141324070843988,0.1083650298853205,0.05053233648891156,0.02142940512989022,0.02510189907468453
agr12_Mean_CMaxI_Days,agr12_Mean_CMaxI_Days < 11.708,0.7049180327868853,0.01527673428499875,61,43,18,0.8708251278359654,1,INT,0.02113022113022113,0.009193054136874362,0.009861991231159481,0.01658767772511848,0.03561643835616438,0.0001072548112592305,0.007535517968740491,0.1141324070843988,0.1083650298853205,0.05053233648891156,0.02142940512989022,0.02510189907468453
agr12_Mean_CMaxI_Days,12.208 <= agr12_Mean_CMaxI_Days < 13.125,0.671957671957672,0.0946656649135988,378,254,124,0.7170522886629218,2,INT,0.1248157248157248,0.06332992849846783,0.0416691393680541,0.06753554502369669,0.0958904109589041,0.009150270501089349,0.007618667568197582,0.1141324070843988,0.1083650298853205,0.05053233648891156,0.02142940512989022,0.02510189907468453
agr12_Mean_CMaxI_Days,13.125 <= agr12_Mean_CMaxI_Days,0.5124378109452736,0.05033809166040571,201,103,98,0.0497614600247364,3,INT,0.05061425061425062,0.05005107252298264,6.289036680017176e-06,0.03080568720379147,0.04383561643835616,0.009567097836401748,0.0009726096079478529,0.1141324070843988,0.1083650298853205,0.05053233648891156,0.02142940512989022,0.02510189907468453
agr12_Mean_CMaxI_Days,agr12_Mean_CMaxI_Days = Missing,0.47673343605547,0.8126721763085399,3245,1547,1698,-0.09313351054980086,4,INT,0.7601965601965602,0.8672114402451481,0.0140927424985207,0.8590047393364929,0.7972602739726027,0.002568677383412137,0.001764160364579897,0.1141324070843988,0.1083650298853205,0.05053233648891156,0.02142940512989022,0.02510189907468453
agr12_Min_CMaxI_Days,agr12_Min_CMaxI_Days < 5.5,0.7580645161290323,0.01552717255196594,62,47,15,1.142092861620715,0,INT,0.0230958230958231,0.007660878447395302,0.0168993611643904,0.01895734597156398,0.03287671232876712,0.0006806884611282983,0.003441204408436531,0.1122531390151411,0.1119913060885978,0.002332522091057449,0.02325605958614658,0.02101695018413658
agr12_Min_CMaxI_Days,5.5 <= agr12_Min_CMaxI_Days < 9.5,0.6931818181818182,0.1101928374655647,440,305,135,0.8150365852973144,1,INT,0.1498771498771499,0.06894790602655772,0.06277538964786972,0.08649289099526067,0.1287671232876712,0.005733521035914149,0.003202414822089731,0.1122531390151411,0.1119913060885978,0.002332522091057449,0.02325605958614658,0.02101695018413658
agr12_Min_CMaxI_Days,9.5 <= agr12_Min_CMaxI_Days < 10.5,0.5743243243243243,0.03706486351114451,148,85,63,0.2995161192683524,2,INT,0.04176904176904177,0.03217568947906026,0.002496501040286024,0.02132701421800948,0.02465753424657534,0.008667011649368827,0.008990674162451489,0.1122531390151411,0.1119913060885978,0.002332522091057449,0.02325605958614658,0.02101695018413658
agr12_Min_CMaxI_Days,10.500 <= agr12_Min_CMaxI_Days,0.5204081632653061,0.02454295016278487,98,51,47,0.08167786413934763,3,INT,0.02506142506142506,0.02400408580183861,4.539232376771058e-05,0.01421800947867299,0.01643835616438356,0.005606161056323168,0.003618496426578934,0.1122531390151411,0.1119913060885978,0.002332522091057449,0.02325605958614658,0.02101695018413658
agr12_Min_CMaxI_Days,agr12_Min_CMaxI_Days = Missing,0.47673343605547,0.8126721763085399,3245,1547,1698,-0.09313351054980086,4,INT,0.7601965601965602,0.8672114402451481,0.0140927424985207,0.8590047393364929,0.7972602739726027,0.002568677383412137,0.001764160364579897,0.1122531390151411,0.1119913060885978,0.002332522091057449,0.02325605958614658,0.02101695018413658
act_age,48.5 <= act_age < 57.5,0.6008629989212514,0.2321562734785875,927,557,370,0.4090621435519777,0,INT,0.2737100737100737,0.1889683350357508,0.03138208552658562,0.1042654028436019,0.126027397260274,0.1023054270550783,0.114475077514356,0.1121266498181717,0.04281751365573272,0.618132587345051,0.3748879554935821,0.2560544596879363
act_age,act_age < 48.5,0.5256064690026954,0.09291259704482845,371,195,176,0.1025155081643195,1,INT,0.09582309582309582,0.0898876404494382,0.0003791239634658177,0.02725118483412322,0.0410958904109589,0.08036793272124973,0.04625588722006713,0.1121266498181717,0.04281751365573272,0.618132587345051,0.3748879554935821,0.2560544596879363
act_age,70.500 <= act_age,0.5011337868480725,0.2208865514650639,882,442,440,0.004535154137008193,2,INT,0.2171990171990172,0.2247191011235955,0.000255846184791402,0.4680094786729858,0.3808219178082192,0.1854905558485744,0.09184481467250247,0.1121266498181717,0.04281751365573272,0.618132587345051,0.3748879554935821,0.2560544596879363
act_age,57.5 <= act_age < 70.5,0.4638720353006067,0.4540445780115202,1813,841,972,-0.1447641284620871,3,INT,0.4132678132678133,0.4964249233912155,0.01524235690463154,0.4004739336492891,0.4520547945205479,0.006724039868679629,0.003478680281010752,0.1121266498181717,0.04281751365573272,0.618132587345051,0.3748879554935821,0.2560544596879363
agr12_Max_CMaxI_Days,agr12_Max_CMaxI_Days < 15,0.6896551724137931,0.007262709742048585,29,20,9,0.7985015851558885,0,INT,0.009828009828009828,0.004596527068437181,0.003915956965783265,0.004739336492890996,0.005479452054794521,0.001058934627097965,0.002505941058554091,0.1072176643167451,0.1084622644207396,0.01160816281464304,0.01583307893132292,0.009287832678639323
agr12_Max_CMaxI_Days,15.000 <= agr12_Max_CMaxI_Days,0.650904033379694,0.1800651139494115,719,468,251,0.6230151720547585,1,INT,0.22997542997543,0.1281920326864147,0.05945148295993083,0.1362559241706161,0.1972602739726027,0.01220546692081281,0.005017731255505335,0.1072176643167451,0.1084622644207396,0.01160816281464304,0.01583307893132292,0.009287832678639323
agr12_Max_CMaxI_Days,agr12_Max_CMaxI_Days = Missing,0.47673343605547,0.8126721763085399,3245,1547,1698,-0.09313351054980086,2,INT,0.7601965601965602,0.8672114402451481,0.0140927424985207,0.8590047393364929,0.7972602739726027,0.002568677383412137,0.001764160364579897,0.1072176643167451,0.1084622644207396,0.01160816281464304,0.01583307893132292,0.009287832678639323
act_cins_n_loan,act_cins_n_loan < 0.5,0.5584192439862543,0.4372652141247182,1746,975,771,0.2347490702969373,0,INT,0.4791154791154791,0.3937691521961185,0.01673911123960024,0.4893364928909952,0.536986301369863,0.005857297074778938,0.006597762369801636,0.09474668279571241,0.08401063860211044,0.1133131406484218,0.02218936553164815,0.03206254865431231
act_cins_n_loan,1.500 <= act_cins_n_loan,0.5423728813559322,0.05910343100425745,236,128,108,0.1698988921195951,1,INT,0.0628992628992629,0.05515832482124617,0.001014868114271647,0.03317535545023697,0.03013698630136986,0.01493878353339453,0.0240493830368179,0.09474668279571241,0.08401063860211044,0.1133131406484218,0.02218936553164815,0.03206254865431231
act_cins_n_loan,0.5 <= act_cins_n_loan < 1.5,0.4634510193933367,0.5036313548710243,2011,932,1079,-0.1464571359548135,2,INT,0.457985257985258,0.5510725229826353,0.01722045046945331,0.4774881516587678,0.4328767123287671,0.001393284923474687,0.001415403247692772,0.09474668279571241,0.08401063860211044,0.1133131406484218,0.02218936553164815,0.03206254865431231
app_char_marital_status,<OTHERS>,0.7105263157894737,0.009516654144753318,38,27,11,0.8979362060350347,0,NOM,0.01326781326781327,0.005617977528089887,0.006496505643819831,0.005924170616113744,0.005479452054794521,0.001680264143330108,0.006805152645159306,0.09468670081540376,0.1408928418222897,0.4879897663449801,0.1000389537311405,0.1078087772858352
app_char_marital_status,Divorced,0.5702576112412178,0.2138742799899825,854,487,367,0.2829022078872806,1,NOM,0.2393120393120393,0.1874361593462717,0.01266883714512794,0.212085308056872,0.2767123287671233,1.501991022617318e-05,0.00542878971149639,0.09468670081540376,0.1408928418222897,0.4879897663449801,0.1000389537311405,0.1078087772858352
app_char_marital_status,Maried,0.5115830115830116,0.518908089156023,2072,1060,1012,0.04634033278409573,2,NOM,0.5208845208845209,0.5168539325842697,3.13038285700913e-05,0.3862559241706161,0.3753424657534247,0.03915367153475966,0.04768177375494729,0.09468670081540376,0.1408928418222897,0.4879897663449801,0.1000389537311405,0.1078087772858352
app_char_marital_status,Widowed,0.4480077745383868,0.2577009767092412,1029,461,568,-0.2087233348611092,3,NOM,0.2265356265356265,0.2900919305413687,0.01571105321459917,0.3957345971563981,0.3424657534246575,0.05918999814282457,0.04789306117423225,0.09468670081540376,0.1408928418222897,0.4879897663449801,0.1000389537311405,0.1078087772858352
act_cins_n_statC,0.5 <= act_cins_n_statC < 1.5,0.5705939629990263,0.2572001001753068,1027,586,441,0.2842748580212723,0,INT,0.287960687960688,0.2252298263534219,0.01540707325391458,0.1836492890995261,0.1972602739726027,0.02476241330203567,0.03429748353472785,0.08970518480222256,0.04006062859267323,0.5534190283315633,0.08494612360859065,0.1039714241579996
act_cins_n_statC,act_cins_n_statC < 0.5,0.5196374622356495,0.08289506636614075,331,172,159,0.07859022705778146,1,INT,0.08452088452088452,0.08120531154239019,0.0001325226265430429,0.04383886255924171,0.04657534246575343,0.02483904199486854,0.02257627214016389,0.08970518480222256,0.04006062859267323,0.5534190283315633,0.08494612360859065,0.1039714241579996
act_cins_n_statC,1.5 <= act_cins_n_statC < 2.5,0.5138888888888888,0.2344102178812923,936,481,455,0.05556983927480133,2,INT,0.2363636363636364,0.2323799795709908,6.768363042655899e-05,0.2191943127962085,0.2301369863013699,0.001020750446556818,0.0001661599314328881,0.08970518480222256,0.04006062859267323,0.5534190283315633,0.08494612360859065,0.1039714241579996
act_cins_n_statC,2.500 <= act_cins_n_statC,0.4702907711757269,0.3961933383420987,1582,744,838,-0.1189770505721332,3,INT,0.3656019656019656,0.4279877425944842,0.009826351330237898,0.509478672985782,0.473972602739726,0.02848328212283384,0.02812670809053103,0.08970518480222256,0.04006062859267323,0.5534190283315633,0.08494612360859065,0.1039714241579996
act_cins_n_statC,act_cins_n_statC = Missing,0.4444444444444444,0.02930127723516153,117,52,65,-0.2231431666994909,4,INT,0.02555282555282555,0.03319713993871297,0.001993773123166065,0.04383886255924171,0.05205479452054795,0.005840635742295782,0.01880480046114393,0.08970518480222256,0.04006062859267323,0.5534190283315633,0.08494612360859065,0.1039714241579996
app_char_gender,Male,0.5818181818181818,0.2203856749311295,880,512,368,0.3302416104439643,0,NOM,0.2515970515970516,0.1879468845760981,0.01855624318920899,0.1966824644549763,0.2054794520547945,0.002695857366057855,0.009333907036081711,0.0636501670209535,0.01550032888151676,0.7564762261124298,0.003405696122365031,0.01209125800229851
app_char_gender,Female,0.4892386765178285,0.7796143250688705,3113,1523,1590,-0.04305193955231548,1,NOM,0.7484029484029484,0.8120531154239019,0.005194728516008155,0.8033175355450237,0.7945205479452054,0.000709838756307176,0.002757350966216798,0.0636501670209535,0.01550032888151676,0.7564762261124298,0.003405696122365031,0.01209125800229851
app_char_city,Medium,0.5446708463949843,0.3195592286501377,1276,695,581,0.1791610604807379,0,NOM,0.3415233415233415,0.2967313585291113,0.006295272606691119,0.3293838862559242,0.3397260273972603,0.0002974113592769568,9.480808716287707e-06,0.05908325448672747,0.06132067377813355,0.0378689242974708,0.02404588990664133,0.04770602881179202
app_char_city,Big,0.5048399106478034,0.3363385925369397,1343,678,665,0.01936024440122732,1,NOM,0.3331695331695332,0.339632277834525,0.000124125527875064,0.3827014218009478,0.4082191780821918,0.005985475107478697,0.01524240248383845,0.05908325448672747,0.06132067377813355,0.0378689242974708,0.02404588990664133,0.04770602881179202
app_char_city,Large,0.4991735537190083,0.1515151515151515,605,302,303,-0.00330578704167537,2,NOM,0.1484029484029484,0.1547497446373851,0.0002656162448964927,0.1492890995260663,0.1424657534246575,3.292576621634187e-05,0.0002422464121371529,0.05908325448672747,0.06132067377813355,0.0378689242974708,0.02404588990664133,0.04770602881179202
app_char_city,Small,0.4681404421326398,0.1925870272977711,769,360,409,-0.1276110913136545,3,NOM,0.1769041769041769,0.2088866189989786,0.00531218433806656,0.1386255924170616,0.1095890410958904,0.01773007767366933,0.03221189910710014,0.05908325448672747,0.06132067377813355,0.0378689242974708,0.02404588990664133,0.04770602881179202
app_char_home_status,Owner,0.5232189212575714,0.8682694715752567,3467,1814,1653,0.09294252748478182,0,NOM,0.8914004914004914,0.8442288049029623,0.002564441117132818,0.9123222748815166,0.9342465753424658,0.002179980329565396,0.002011257160041561,0.04717168649752912,0.03863070895415688,0.1810615260452819,0.02009667190648317,0.02348382233275986
app_char_home_status,Rental,0.4201520912547528,0.1317305284247433,526,221,305,-0.322148950469872,1,NOM,0.1085995085995086,0.1557711950970378,0.01700269100354179,0.08767772511848342,0.06575342465753424,0.01791669157691778,0.0214725651727183,0.04717168649752912,0.03863070895415688,0.1810615260452819,0.02009667190648317,0.02348382233275986
agr9_Max_CMaxC_Days,15.500 <= agr9_Max_CMaxC_Days,0.5897435897435898,0.02930127723516153,117,69,48,0.3629048596325173,0,INT,0.03390663390663391,0.02451481103166496,0.003035505565693977,0.04739336492890995,0.06027397260273973,0.008676095006840901,0.01513491765520762,0.03276772919265269,0.1154459919352533,2.523161194860553,0.01700548917533124,0.04896875013194432
agr9_Max_CMaxC_Days,agr9_Max_CMaxC_Days < 15.5,0.5192211682476285,0.5016278487352868,2003,1040,963,0.07692257264897981,1,INT,0.5110565110565111,0.4918283963227784,0.0007372570119279369,0.5355450236966824,0.5835616438356165,0.0022186524445523,0.00961748762031399,0.03276772919265269,0.1154459919352533,2.523161194860553,0.01700548917533124,0.04896875013194432
agr9_Max_CMaxC_Days,agr9_Max_CMaxC_Days = Missing,0.4943940202883075,0.4690708740295517,1873,926,947,-0.0224248561451593,2,INT,0.455036855036855,0.4836567926455567,0.001745362049056083,0.4170616113744076,0.3561643835616438,0.006110741723938039,0.02421634485642271,0.03276772919265269,0.1154459919352533,2.523161194860553,0.01700548917533124,0.04896875013194432
app_char_cars,Owner,0.5178312554363583,0.8637615827698473,3449,1786,1663,0.07135527810226727,0,NOM,0.8776412776412776,0.8493360572012257,0.0009278227830319973,0.8791469194312796,0.8794520547945206,0.0002716006847526738,3.731778865485178e-06,0.02830522044005201,0.000537649784082106,0.9810052783294586,0.002113801669740381,3.070738238636901e-05
app_char_cars,No,0.4577205882352941,0.1362384172301528,544,249,295,-0.1695223972517605,1,NOM,0.1223587223587224,0.1506639427987743,0.005885824561832132,0.1208530805687204,0.1205479452054795,0.001842200984987707,2.697560352088383e-05,0.02830522044005201,0.000537649784082106,0.9810052783294586,0.002113801669740381,3.070738238636901e-05
act_cins_n_statB,1.500 <= act_cins_n_statB,0.5263157894736842,0.06661657901327322,266,140,126,0.1053604362928068,0,INT,0.0687960687960688,0.06435137895812053,0.0002964074527701951,0.07227488151658767,0.06301369863013699,0.0004606187316720126,0.0005068899688224223,0.01645162666613142,0.0607544256012813,2.692912976584559,0.006850898132628285,0.02357206989954401
act_cins_n_statB,act_cins_n_statB < 0.5,0.5122885413341844,0.7846230904082144,3133,1605,1528,0.04916406269792034,1,INT,0.7886977886977887,0.780388151174668,8.80027270790348e-05,0.7701421800947867,0.7506849315068493,0.0002697202694710935,0.001877484108463526,0.01645162666613142,0.0607544256012813,2.692912976584559,0.006850898132628285,0.02357206989954401
act_cins_n_statB,0.5 <= act_cins_n_statB < 1.5,0.4989517819706499,0.1194590533433509,477,238,239,-0.004192876502011346,2,INT,0.116953316953317,0.1220633299284985,0.0002183477262432874,0.1137440758293839,0.1342465753424658,0.0002799233891893979,0.002382895361114138,0.01645162666613142,0.0607544256012813,2.692912976584559,0.006850898132628285,0.02357206989954401
act_cins_n_statB,act_cins_n_statB = Missing,0.4444444444444444,0.02930127723516153,117,52,65,-0.2231431666994909,3,INT,0.02555282555282555,0.03319713993871297,0.001993773123166065,0.04383886255924171,0.05205479452054795,0.005840635742295782,0.01880480046114393,0.01645162666613142,0.0607544256012813,2.692912976584559,0.006850898132628285,0.02357206989954401
