aid,period,product,decision,default_cross12,SCORE_PD_CSS_CROSS,PD_CSS_CROSS,split
ins1975010100023,197501,ins,A,1.0,1.5681528456851186,0.8275201223575724,train
ins1975010100033,197501,ins,A,1.0,1.3234695517794113,0.7897583703608236,train
ins1975010300022,197501,ins,A,1.0,0.9953166837966891,0.7301367869725861,train
ins1975010500012,197501,ins,A,1.0,-0.4202340416501267,0.396460747380595,train
ins1975010600033,197501,ins,A,1.0,1.6328475267358757,0.8365593480767056,train
ins1975010900033,197501,ins,A,0.0,-1.7035461081284546,0.15400269026189303,train
ins1975010900041,197501,ins,A,0.0,-1.2884519662908107,0.2161149468417346,train
ins1975011000012,197501,ins,A,1.0,1.5896220218810373,0.8305629175476354,train
ins1975011200043,197501,ins,A,1.0,0.8241956706778573,0.695126238009389,train
ins1975011500012,197501,ins,A,1.0,0.5565714965009153,0.6356588802084401,train
ins1975011500032,197501,ins,A,1.0,2.0525099911819567,0.8862009937787545,train
ins1975011700021,197501,ins,A,1.0,-0.42131421157008403,0.396202313657543,train
ins1975011800033,197501,ins,A,1.0,1.119303376378696,0.7538594770585001,train
ins1975012200033,197501,ins,A,0.0,-2.114797008677946,0.1076669271846061,train
ins1975012500041,197501,ins,A,0.0,-0.9206705103319988,0.28482129289858243,train
ins1975020100011,197502,ins,A,1.0,1.0831359224009742,0.7470869686833774,train
ins1975020200021,197502,ins,A,0.0,-0.9549332048723822,0.2778937976522233,train
ins1975020200032,197502,ins,A,1.0,1.7633692216183592,0.8536311294413021,train
ins1975020300013,197502,ins,A,1.0,2.564484653168246,0.9285406002087033,train
ins1975020300032,197502,ins,A,1.0,1.3967295948661023,0.8016644117380417,train
ins1975020500012,197502,ins,A,1.0,1.310721986290885,0.7876339452303742,train
ins1975020500043,197502,ins,A,0.0,0.20122526793011697,0.5501372528764705,train
ins1975020700012,197502,ins,A,0.0,0.01981647587458779,0.5049539568544769,train
ins1975020900023,197502,ins,A,1.0,-0.41319744684370846,0.39814568176412823,train
ins1975021000013,197502,ins,A,0.0,0.5711044238731515,0.6390179761188242,train
ins1975021200033,197502,ins,A,1.0,1.087367683735443,0.7478857152786907,train
ins1975021800032,197502,ins,A,0.0,-0.11389357831875388,0.47155734468638744,train
ins1975022000032,197502,ins,A,0.0,0.05838232399871693,0.514591436664278,train
ins1975022100033,197502,ins,A,1.0,1.232548334216748,0.7742642811117306,train
ins1975022200031,197502,ins,A,0.0,-0.9375350829114641,0.28139851314028097,train
ins1975022600022,197502,ins,A,1.0,2.0886659777915337,0.8897966813638811,train
ins1975022600023,197502,ins,A,1.0,3.018374206243381,0.9533973433118226,train
ins1975022700011,197502,ins,A,0.0,-0.8516373486887907,0.2990894991070765,train
ins1975030100032,197503,ins,A,0.0,-0.9771649476236604,0.27345468207193335,train
ins1975030500023,197503,ins,A,0.0,0.9980454508800533,0.7306741174427416,train
ins1975030600033,197503,ins,A,0.0,-1.3043658600722488,0.2134311668051649,train
ins1975030700023,197503,ins,A,1.0,2.005519264214719,0.8813753484861121,train
ins1975030900012,197503,ins,A,1.0,1.4821037950466533,0.8148901362442895,train
ins1975031200032,197503,ins,A,0.0,-1.4596898797282944,0.18851476188335048,train
ins1975031400023,197503,ins,A,0.0,1.832684184782445,0.862081179216858,train
ins1975031400043,197503,ins,A,1.0,0.02127326036990662,0.505318114533883,train
ins1975031600023,197503,ins,A,1.0,1.2086724915965594,0.770063977451003,train
ins1975031600032,197503,ins,A,0.0,-2.210471043669056,0.09881411886424507,train
ins1975031700023,197503,ins,A,1.0,1.7168062096766317,0.847716998434198,train
ins1975031700043,197503,ins,A,1.0,1.7667722821785419,0.8540558134391281,train
ins1975031800023,197503,ins,A,1.0,4.54627208666659,0.989504649213034,train
ins1975031900013,197503,ins,A,1.0,1.1203308497880635,0.7540500805303275,train
ins1975032000012,197503,ins,A,0.0,-0.14074389512055285,0.46487199418357406,train
ins1975032000032,197503,ins,A,1.0,2.209031929546283,0.9010576541731868,train
ins1975032000033,197503,ins,A,1.0,0.8315928988430663,0.6966916345244805,train
ins1975032400012,197503,ins,A,1.0,1.9738301785570005,0.8780219174147513,train
ins1975032600043,197503,ins,A,1.0,2.951615380533937,0.9503397803267121,train
ins1975033100032,197503,ins,A,1.0,1.641312232584887,0.8377134140477339,train
ins1975040400043,197504,ins,A,1.0,1.6959985286445123,0.8450113968674517,train
ins1975040700012,197504,ins,A,0.0,-1.0100959783991414,0.26696106805398834,train
ins1975040800023,197504,ins,A,1.0,-1.3509956647903885,0.20570764046289886,train
ins1975041000013,197504,ins,A,0.0,-0.6673824945083832,0.3390831916028275,train
ins1975041000022,197504,ins,A,0.0,1.0375986361910416,0.7383863956290686,train
ins1975041000033,197504,ins,A,0.0,0.5069125835265137,0.6240824335553756,train
ins1975041200043,197504,ins,A,0.0,-1.4204129308038211,0.19459685723075534,train
ins1975041300022,197504,ins,A,0.0,0.30315957866463616,0.5752147198077249,train
ins1975041300041,197504,ins,A,1.0,0.13295371811810486,0.5331895538026976,train
ins1975041300042,197504,ins,A,1.0,-0.4468492943350159,0.39011013515658005,train
ins1975041700033,197504,ins,A,1.0,0.9489843102374048,0.7209108687396965,train
ins1975041900023,197504,ins,A,1.0,2.501477154469269,0.9242453091398077,train
ins1975042200032,197504,ins,A,1.0,0.5038988083131385,0.6233751272258901,train
ins1975042400022,197504,ins,A,1.0,2.4022645294152465,0.916999822277246,train
ins1975042500032,197504,ins,A,0.0,-0.5904003377102968,0.35654300351812895,train
ins1975042900022,197504,ins,A,0.0,-0.6467086369911519,0.3437316212815603,train
ins1975050300032,197505,ins,A,1.0,1.3073181121081507,0.787064032948873,train
ins1975050500022,197505,ins,A,1.0,2.460345947436955,0.9213147455588626,train
ins1975050500023,197505,ins,A,1.0,2.0087912264642767,0.8817170147916867,train
ins1975051600012,197505,ins,A,1.0,1.9861702966464438,0.8793373839003954,train
ins1975051600013,197505,ins,A,0.0,1.3282370319056136,0.7905488696681643,train
ins1975051700022,197505,ins,A,1.0,-1.3173046514561555,0.21126707876828468,train
ins1975051700032,197505,ins,A,0.0,0.0958363739997404,0.5239407724149808,train
ins1975051700043,197505,ins,A,1.0,0.8622764477730532,0.7031360499982788,train
ins1975051800033,197505,ins,A,1.0,2.27160877596875,0.9064982355040332,train
ins1975052000021,197505,ins,A,0.0,-1.7615242863080358,0.14659953647300006,train
ins1975052200012,197505,ins,A,0.0,-0.12873658448916875,0.4678602296127359,train
ins1975052200022,197505,ins,A,0.0,-1.1727643828514145,0.2363556726122561,train
ins1975052400012,197505,ins,A,1.0,0.373181632306124,0.5922275486735243,train
ins1975052400013,197505,ins,A,1.0,0.893881692247685,0.7096905675791776,train
ins1975052800043,197505,ins,A,1.0,2.1881472867103273,0.8991800723851398,train
ins1975053100043,197505,ins,A,0.0,1.0554207789041015,0.7418144781297722,train
ins1975060900043,197506,ins,A,0.0,0.8116978903531071,0.6924711963801004,train
ins1975061100042,197506,ins,A,0.0,-1.3072227717416887,0.2129519459847917,train
ins1975061400042,197506,ins,A,0.0,-1.1374006618291181,0.24279792221309673,train
ins1975061700022,197506,ins,A,1.0,1.079666413096609,0.7464308499224604,train
ins1975061800032,197506,ins,A,1.0,1.1409269637299646,0.7578497900058623,train
ins1975061900031,197506,ins,A,0.0,-0.9775948163593442,0.2733692852646866,train
ins1975062200023,197506,ins,A,1.0,2.921186266178047,0.9488838675239576,train
ins1975062600013,197506,ins,A,1.0,1.0688331671694584,0.744374953163688,train
ins1975063000012,197506,ins,A,1.0,-0.17444503335805894,0.45649900091199297,train
ins1975063000032,197506,ins,A,0.0,-1.1931647937465968,0.23269339281932466,train
ins1975070200023,197507,ins,A,0.0,-0.33933537961830196,0.4159709303295393,train
ins1975070400042,197507,ins,A,0.0,0.8757477171604591,0.7059402692972806,train
ins1975070400043,197507,ins,A,0.0,-0.5163686919751277,0.3737017462512531,train
ins1975070600043,197507,ins,A,0.0,0.8938170014471223,0.7096772391614187,train
ins1975071000013,197507,ins,A,1.0,-0.13642656269596076,0.4659461610405932,train
ins1975071100043,197507,ins,A,1.0,2.0935004076471655,0.8902698459579802,train
ins1975071500032,197507,ins,A,1.0,2.6159279553847314,0.9318796673752019,train
ins1975071600013,197507,ins,A,1.0,1.5060388274586862,0.8184734191793256,train
ins1975071900021,197507,ins,A,0.0,-0.3650180984154501,0.40974537088665175,train
ins1975071900023,197507,ins,A,1.0,1.5916304661400118,0.8308453745846949,train
ins1975071900042,197507,ins,A,1.0,1.6357957580248494,0.8369620533921568,train
ins1975071900043,197507,ins,A,0.0,0.5349780680787188,0.6306434170128976,train
ins1975072400023,197507,ins,A,1.0,1.8099245328156717,0.8593527531268044,train
ins1975072900031,197507,ins,A,1.0,-0.17158678253057996,0.45720824254725073,train
ins1975072900033,197507,ins,A,1.0,0.8067130165666709,0.6914086261106314,train
ins1975080300023,197508,ins,A,1.0,0.09157869410611075,0.5228786861195759,train
ins1975080600023,197508,ins,A,1.0,1.3959486440604487,0.801540212413598,train
ins1975080600043,197508,ins,A,1.0,2.3565318860473026,0.9134520181904016,train
ins1975080700021,197508,ins,A,0.0,-0.5327152637399291,0.3698838188374905,train
ins1975080700032,197508,ins,A,1.0,1.9468187704433497,0.8750993466068121,train
ins1975080800013,197508,ins,A,0.0,0.7549390791542832,0.6802539460414804,train
ins1975081700013,197508,ins,A,1.0,0.8005690253464914,0.6900961880069593,train
ins1975081700043,197508,ins,A,0.0,-0.9856606211241468,0.27177003777974185,train
ins1975082100023,197508,ins,A,0.0,-1.0420057647411025,0.260763165706034,train
ins1975082100033,197508,ins,A,0.0,-1.5171754821646255,0.17987782064257227,train
ins1975082200032,197508,ins,A,0.0,-0.8889668300889075,0.2913230834406689,train
ins1975082400012,197508,ins,A,1.0,1.975041682779961,0.8781516094148413,train
ins1975082500023,197508,ins,A,1.0,1.399599346203111,0.8021203031543855,train
ins1975082800023,197508,ins,A,0.0,1.3997414852189634,0.8021428629624017,train
ins1975083000033,197508,ins,A,1.0,1.0104788289180968,0.7331138463728518,train
ins1975090100022,197509,ins,A,0.0,-1.2765612960606543,0.21813613556075784,train
ins1975090200032,197509,ins,A,0.0,0.7901943821705738,0.6878730666802154,train
ins1975090400012,197509,ins,A,1.0,0.5828968721101335,0.6417337038180778,train
ins1975090600033,197509,ins,A,1.0,0.6814699416630706,0.6640666941500505,train
ins1975090800022,197509,ins,A,1.0,2.31549977738611,0.9101526143367458,train
ins1975090900032,197509,ins,A,1.0,-0.6878499401346141,0.33451153532039307,train
ins1975091800021,197509,ins,A,0.0,-1.9911660746458695,0.12013355204318525,train
ins1975091800022,197509,ins,A,1.0,3.26136625649697,0.9630794020722757,train
ins1975092300022,197509,ins,A,0.0,-2.3926254296289287,0.08373677572989033,train
ins1975092300032,197509,ins,A,0.0,-0.6941609043824625,0.3331080994462217,train
ins1975092400012,197509,ins,A,1.0,1.2213776728932957,0.7723059033897006,train
ins1975093000012,197509,ins,A,1.0,2.134139109558058,0.8941773079556409,train
ins1975100100032,197510,ins,A,0.0,-0.7402085597215781,0.32295853917629125,train
ins1975100200032,197510,ins,A,0.0,0.4418874724721401,0.608708685639547,train
ins1975100300023,197510,ins,A,0.0,-2.106621386704534,0.10845492125787538,train
ins1975100500013,197510,ins,A,0.0,-1.084736566089159,0.25261071247626,train
ins1975100700012,197510,ins,A,1.0,1.0379642655419388,0.7384570187987449,train
ins1975100700032,197510,ins,A,0.0,-1.708274477135212,0.15338765797215378,train
ins1975100800013,197510,ins,A,1.0,4.221575084754083,0.9855367445488247,train
ins1975100900033,197510,ins,A,1.0,2.151312649825469,0.8957913753519323,train
ins1975101500032,197510,ins,A,0.0,2.309627548288637,0.9096712558095835,train
ins1975101600032,197510,ins,A,1.0,-1.0079261982202845,0.267385893177797,train
ins1975101700012,197510,ins,A,0.0,-0.7042274902538397,0.330875606165154,train
ins1975101800013,197510,ins,A,1.0,-2.2344069541807077,0.09670300201353053,train
ins1975101900033,197510,ins,A,0.0,0.9561626682264204,0.7223528499430755,train
ins1975102000023,197510,ins,A,1.0,-0.4679806019377164,0.38509431927943827,train
ins1975102200042,197510,ins,A,0.0,0.46378526563838524,0.6139117613154625,train
ins1975102300023,197510,ins,A,0.0,-1.4572072962972777,0.1888948336256452,train
ins1975102400012,197510,ins,A,0.0,-0.8150283929804822,0.3068200119794705,train
ins1975102500041,197510,ins,A,1.0,-0.446372143485232,0.39022366684996584,train
ins1975102500043,197510,ins,A,1.0,1.5233232866475288,0.8210273302492566,train
ins1975102700013,197510,ins,A,0.0,-1.4852222619016526,0.18463992296190035,train
ins1975102900033,197510,ins,A,0.0,0.47766539832467425,0.6171964412445994,train
ins1975103000022,197510,ins,A,1.0,1.209389342993251,0.7701908824910578,train
ins1975110100042,197511,ins,A,1.0,2.335250655920496,0.9117547086836724,train
ins1975110500021,197511,ins,A,1.0,0.13958900021196763,0.5348406955787953,train
ins1975110600023,197511,ins,A,1.0,2.1378404569862615,0.8945270345337683,train
ins1975110700023,197511,ins,A,1.0,2.0660382906088195,0.8875581948496565,train
ins1975110900032,197511,ins,A,1.0,1.296765587142055,0.7852901334119796,train
ins1975111300042,197511,ins,A,0.0,-0.9948941348506768,0.2699464789250136,train
ins1975111300043,197511,ins,A,0.0,-1.3802637045986375,0.2009666509757427,train
ins1975111400012,197511,ins,A,0.0,0.2873751782637811,0.5713534120212644,train
ins1975111700043,197511,ins,A,1.0,1.2257483115254604,0.7730735631331045,train
ins1975111900012,197511,ins,A,0.0,-0.4059559616165329,0.3998822009425648,train
ins1975111900013,197511,ins,A,1.0,1.3909566042796766,0.8007449156628579,train
ins1975112200032,197511,ins,A,1.0,-1.1318571383808451,0.24381853545651705,train
ins1975112900013,197511,ins,A,0.0,-0.9979234932381517,0.26934988320988756,train
ins1975113000023,197511,ins,A,0.0,-0.9137779008832498,0.28622738438055106,train
ins1975120600012,197512,ins,A,1.0,2.0857643534403705,0.8895118303164116,train
ins1975120700033,197512,ins,A,1.0,-1.0560783004396463,0.2580596095839882,train
ins1975120700042,197512,ins,A,1.0,-1.2377361614524651,0.2248302854055441,train
ins1975120900032,197512,ins,A,1.0,1.1468354889222414,0.7589324314928795,train
ins1975121000033,197512,ins,A,1.0,1.0273759240401907,0.7364068477992597,train
ins1975121300042,197512,ins,A,1.0,0.8624481268169,0.703171884301649,train
ins1975121800012,197512,ins,A,1.0,0.34262143696576436,0.5848271604453223,train
ins1975122200042,197512,ins,A,0.0,-1.1367384313412963,0.2429196920982309,train
ins1975122300033,197512,ins,A,1.0,2.7050756570073533,0.937325483326068,train
ins1975122300042,197512,ins,A,0.0,0.9754507117433524,0.7262046060780539,train
ins1975122400012,197512,ins,A,0.0,-1.0444760545231193,0.26028725997014374,train
ins1975122600022,197512,ins,A,1.0,1.0267400500362196,0.7362833985969666,train
ins1975122600023,197512,ins,A,1.0,0.3824164462265076,0.5944557879219154,train
ins1975122700032,197512,ins,A,0.0,-1.4517625609894336,0.18973045437091,train
ins1975123000033,197512,ins,A,0.0,-1.5902828718446673,0.169344102569642,train
ins1975123100021,197512,ins,A,0.0,-0.295716419142543,0.4266049725550169,train
ins1976010200031,197601,ins,A,0.0,0.18151990127377493,0.5452557806554353,train
ins1976010300023,197601,ins,A,0.0,-2.3558670088974987,0.08660055973889531,train
ins1976010400012,197601,ins,A,0.0,-0.22663839513661838,0.4435816884329598,train
ins1976010400032,197601,ins,A,1.0,1.4966280902853875,0.8170710291926229,train
ins1976010700042,197601,ins,A,0.0,-0.5382252637649148,0.3686005276369112,train
ins1976011100023,197601,ins,A,0.0,-1.252213681296314,0.22231717523597608,train
ins1976011200041,197601,ins,A,1.0,-0.9905887050074479,0.2707958130723122,train
ins1976011400012,197601,ins,A,1.0,1.2460986499877234,0.7766237882640502,train
ins1976011400031,197601,ins,A,1.0,0.7081847055245705,0.6699999220843741,train
ins1976011500012,197601,ins,A,0.0,-1.4718491328385503,0.186661717573832,train
ins1976011600012,197601,ins,A,1.0,0.7029760250147025,0.668847264641984,train
ins1976011700023,197601,ins,A,0.0,-1.5832931777709751,0.17032959324931216,train
ins1976011800013,197601,ins,A,1.0,2.8644229184178354,0.9460594511207921,train
ins1976011900023,197601,ins,A,0.0,-0.9921932683549366,0.2704790838160864,train
ins1976012100012,197601,ins,A,0.0,1.8004935768139754,0.8582090072590423,train
ins1976012200043,197601,ins,A,0.0,1.0454058093793355,0.7398917130851711,train
ins1976012700022,197601,ins,A,0.0,0.6005369050641577,0.645779132034724,train
ins1976020200022,197602,ins,A,0.0,0.6524589678041115,0.6575643713142734,train
ins1976020200032,197602,ins,A,1.0,2.6106329482136963,0.9315427709397023,train
ins1976020600013,197602,ins,A,1.0,-0.35405821555136463,0.41239866153723925,train
ins1976020600033,197602,ins,A,0.0,1.38492687981696,0.7997811132285709,train
ins1976020700013,197602,ins,A,0.0,-1.9400054770854076,0.12564725480138766,train
ins1976020800013,197602,ins,A,1.0,-1.434151717871721,0.19245262262085042,train
ins1976020800023,197602,ins,A,0.0,-1.3018697540012125,0.21385050859863783,train
ins1976020900033,197602,ins,A,0.0,0.6532142592100765,0.6577344226547926,train
ins1976020900043,197602,ins,A,0.0,1.1583684978514603,0.7610361360138698,train
ins1976021300042,197602,ins,A,0.0,1.0005512609102734,0.7311669492969918,train
ins1976021500043,197602,ins,A,1.0,2.007820369100184,0.881615724488869,train
ins1976021600022,197602,ins,A,0.0,-0.9823724516354333,0.27242129112078034,train
ins1976021700042,197602,ins,A,0.0,1.0247391411279836,0.7358946981623058,train
ins1976022100033,197602,ins,A,1.0,1.9106534462763887,0.8710925413435114,train
ins1976022700013,197602,ins,A,0.0,-1.0056557306680036,0.2678308914358708,train
ins1976022700033,197602,ins,A,1.0,2.2322755327434214,0.9031106549506738,train
ins1976022900023,197602,ins,A,1.0,1.2454644790023985,0.7765137534389001,train
ins1976030200023,197603,ins,A,0.0,-2.088562417850052,0.11021347398346358,train
ins1976031100033,197603,ins,A,0.0,0.5700251569620121,0.6387689799662735,train
ins1976031300033,197603,ins,A,1.0,2.146819034736323,0.8953711533637637,train
ins1976031500022,197603,ins,A,1.0,-0.4192768310141737,0.39668981106561113,train
ins1976031600013,197603,ins,A,1.0,3.124532678100863,0.9578934273383407,train
ins1976031900023,197603,ins,A,0.0,1.4945583739249015,0.8167614740106258,train
ins1976031900033,197603,ins,A,1.0,-0.8444969638223074,0.3005885175692514,train
ins1976032000023,197603,ins,A,1.0,1.1260778318329552,0.7551143507387501,train
ins1976032900033,197603,ins,A,1.0,1.4792165941186146,0.8144542227155591,train
ins1976033000033,197603,ins,A,0.0,-0.7176756410324547,0.3279050278258001,train
ins1976033100022,197603,ins,A,1.0,1.6092380391547372,0.8333055713061073,train
ins1976040100022,197604,ins,A,1.0,2.2379419636855786,0.9036053465593537,train
ins1976040100032,197604,ins,A,1.0,0.48993772940138863,0.6200917628716783,train
ins1976040200013,197604,ins,A,1.0,0.4063914581768569,0.6002223034075115,train
ins1976040400043,197604,ins,A,0.0,-1.8910111956547837,0.13112921654424434,train
ins1976040600012,197604,ins,A,1.0,2.223912097758365,0.9023763680491839,train
ins1976040800022,197604,ins,A,0.0,-1.3883720250171427,0.19966778096779353,train
ins1976041000043,197604,ins,A,0.0,-1.409113681341458,0.19637388972407469,train
ins1976041100012,197604,ins,A,0.0,-1.3597394891740144,0.2042826453812495,train
ins1976041500012,197604,ins,A,1.0,2.774884044820414,0.941303418662173,train
ins1976041500023,197604,ins,A,1.0,2.106389106695936,0.8915226169759485,train
ins1976041600032,197604,ins,A,0.0,-0.7948416936994729,0.3111300105014313,train
ins1976042100023,197604,ins,A,1.0,3.0957048347974405,0.956715225609115,train
ins1976042400033,197604,ins,A,1.0,2.944866366214315,0.950020296980865,train
ins1976042500022,197604,ins,A,0.0,-0.6643773005194215,0.33975699828462846,train
ins1976042800013,197604,ins,A,1.0,2.632041806986929,0.9328954826288479,train
ins1976042800032,197604,ins,A,1.0,2.6192317803302974,0.9320890950138309,train
ins1976042800033,197604,ins,A,0.0,0.0033858819094437775,0.5008464696686866,train
ins1976050200023,197605,ins,A,0.0,-0.9465120419448934,0.2795868192148888,train
ins1976050400023,197605,ins,A,1.0,2.9619714335650396,0.9508262516206403,train
ins1976050400033,197605,ins,A,0.0,-0.33898456901478874,0.4160561584587526,train
ins1976050700012,197605,ins,A,0.0,0.24008118189175742,0.5597336551712517,train
ins1976050800032,197605,ins,A,1.0,1.6322247398487049,0.83647417794319,train
ins1976051200022,197605,ins,A,0.0,-1.101918898020655,0.24938052340260444,train
ins1976051500013,197605,ins,A,0.0,0.27886915081449865,0.56926895941912,train
ins1976051700022,197605,ins,A,0.0,-0.22533898407750264,0.44390242860722623,train
ins1976051900032,197605,ins,A,1.0,-0.529453595586326,0.3706443372010986,train
ins1976052200012,197605,ins,A,0.0,-0.7320289762604753,0.32474964055763084,train
ins1976052800032,197605,ins,A,0.0,-1.107832028260191,0.24827528639628024,train
ins1976053000012,197605,ins,A,1.0,-1.125679749803025,0.24495926873939375,train
ins1976053100013,197605,ins,A,1.0,-0.44918528663574475,0.3895544889042088,train
ins1976060100032,197606,ins,A,1.0,0.5671478519341486,0.6381047967452084,train
ins1976060100033,197606,ins,A,0.0,-2.0734533829129083,0.11170391290218297,train
ins1976060700023,197606,ins,A,0.0,-2.2686114552916172,0.09375612467577124,train
ins1976060800033,197606,ins,A,1.0,0.2974337442148547,0.5738150547299709,train
ins1976060900012,197606,ins,A,1.0,3.5237099701817636,0.9713549130232574,train
ins1976061300013,197606,ins,A,0.0,-1.3892984819544016,0.19951977382487535,train
ins1976061400042,197606,ins,A,1.0,2.1360338585684797,0.8943564633006621,train
ins1976061800022,197606,ins,A,0.0,0.9301052882204974,0.7170966457020905,train
ins1976061900013,197606,ins,A,1.0,2.1732243070189994,0.8978191438995224,train
ins1976062200022,197606,ins,A,0.0,1.0559068774976064,0.7419075675873407,train
ins1976062400042,197606,ins,A,0.0,-0.8856643488134179,0.292005363300779,train
ins1976070100022,197607,ins,A,0.0,-1.3738075407916932,0.20200537743223387,train
ins1976070300033,197607,ins,A,1.0,1.1963420183536018,0.7678734098089686,train
ins1976070700013,197607,ins,A,0.0,-2.037052889188478,0.11536716627610966,train
ins1976071200033,197607,ins,A,1.0,-0.013070012246190199,0.4967325434519854,train
ins1976071400023,197607,ins,A,1.0,0.7578751321690124,0.6808922243146784,train
ins1976071600013,197607,ins,A,1.0,-0.09339995938443602,0.4766669699307831,train
ins1976071800022,197607,ins,A,1.0,1.540644723786631,0.8235584295413788,train
ins1976071900022,197607,ins,A,1.0,1.5224696899014185,0.8209018671301328,train
ins1976072000033,197607,ins,A,0.0,-1.0844618610953836,0.2526625799026665,train
ins1976072500023,197607,ins,A,1.0,2.888996952630813,0.9472998290292655,train
ins1976072800022,197607,ins,A,0.0,0.12317428030472555,0.5307546959655131,train
ins1976072800042,197607,ins,A,0.0,-1.2453006157013375,0.22351468471047037,train
ins1976073100032,197607,ins,A,1.0,0.739661716948778,0.6769218786205284,train
ins1976080500031,197608,ins,A,1.0,0.703048553403055,0.6688633288015937,train
ins1976080800012,197608,ins,A,0.0,0.10827537473250914,0.5270424293891667,train
ins1976081000012,197608,ins,A,0.0,-1.5013387269926843,0.18222594230609543,train
ins1976081000023,197608,ins,A,1.0,1.711049858331549,0.8469724061029827,train
ins1976081000042,197608,ins,A,0.0,-1.033401248506908,0.26242523275948904,train
ins1976081100042,197608,ins,A,1.0,2.6046273604895984,0.9311587956022518,train
ins1976081200023,197608,ins,A,0.0,-1.3469883172870227,0.20636318123747566,train
ins1976081300022,197608,ins,A,1.0,1.043607242709164,0.739545426077454,train
ins1976081500042,197608,ins,A,0.0,0.5042954889383474,0.6234682547800573,train
ins1976081600022,197608,ins,A,1.0,-0.12849800425463548,0.4679196286815605,train
ins1976081600032,197608,ins,A,0.0,0.9956299075909741,0.7301984992189193,train
ins1976081700013,197608,ins,A,0.0,-1.6296467810425035,0.1638787544249279,train
ins1976081700042,197608,ins,A,0.0,-0.055915444754527754,0.4860247797918559,train
ins1976081800023,197608,ins,A,0.0,-1.2310521165535233,0.22599733377823078,train
ins1976081900032,197608,ins,A,0.0,-1.2705915507838097,0.2191560051660473,train
ins1976082500013,197608,ins,A,1.0,2.0305097084955777,0.8839633700502366,train
ins1976082500022,197608,ins,A,1.0,2.6997410547605876,0.9370113624475073,train
ins1976082800022,197608,ins,A,1.0,0.24841664808641128,0.5617867457259866,train
ins1976090200023,197609,ins,A,0.0,-1.5299537478331457,0.1780004531310006,train
ins1976090800012,197609,ins,A,1.0,1.6198940308186072,0.8347805148457206,train
ins1976090900033,197609,ins,A,0.0,-0.8808699759046701,0.2929975309681099,train
ins1976091500011,197609,ins,A,0.0,-0.35208506184821586,0.41287689049951015,train
ins1976091900042,197609,ins,A,0.0,-0.9641868620195895,0.27604069894139804,train
ins1976092600032,197609,ins,A,0.0,0.5007782998803116,0.6226422171228296,train
ins1976092700032,197609,ins,A,0.0,-2.0393564268034896,0.11513228101027652,train
ins1976092800022,197609,ins,A,0.0,-0.5603345339743281,0.36347005854578923,train
ins1976092900032,197609,ins,A,0.0,-0.18898956438033682,0.4528927365720362,train
ins1976100200033,197610,ins,A,1.0,-0.48647750265401957,0.3807237283754053,train
ins1976101300032,197610,ins,A,1.0,2.4030511616730705,0.9170596741255969,train
ins1976101400032,197610,ins,A,0.0,-1.0451681069884564,0.2601540358157914,train
ins1976101500022,197610,ins,A,1.0,2.1157383767072924,0.892423481125701,train
ins1976101500043,197610,ins,A,0.0,1.223912952388408,0.772751423195701,train
ins1976102300022,197610,ins,A,0.0,-1.0480620475964069,0.2595974144809703,train
ins1976102500011,197610,ins,A,1.0,-0.7154631676216463,0.32839280558782374,train
ins1976102700041,197610,ins,A,1.0,-0.4012122863756556,0.40102110993663076,train
ins1976110100032,197611,ins,A,1.0,-0.28264136399549733,0.4298063297973719,train
ins1976110200033,197611,ins,A,1.0,1.142251081858185,0.7580927005682897,train
ins1976110400022,197611,ins,A,1.0,1.412638173833152,0.8041817194650521,train
ins1976110400032,197611,ins,A,0.0,1.0463084146258579,0.7400653836231386,train
ins1976111000013,197611,ins,A,1.0,2.4385264925040033,0.9197183564545865,train
ins1976111500032,197611,ins,A,1.0,0.9550314820606639,0.7221259230861647,train
ins1976111500043,197611,ins,A,1.0,0.36620046301568093,0.5905405582959609,train
ins1976111700032,197611,ins,A,0.0,-1.114205352808453,0.24708771235414792,train
ins1976112300022,197611,ins,A,1.0,0.3163557948161694,0.5784358755965515,train
ins1976112300033,197611,ins,A,0.0,0.29615418391456694,0.5735021070314076,train
ins1976112600033,197611,ins,A,1.0,2.569878341639269,0.9288976611900063,train
ins1976112800042,197611,ins,A,0.0,-0.6446564123450951,0.34419471086425385,train
ins1976120200022,197612,ins,A,0.0,-0.19394719933395474,0.4516646186237644,train
ins1976120300022,197612,ins,A,1.0,-0.23319534523727853,0.44196392610791274,train
ins1976120600033,197612,ins,A,1.0,1.1844905212964318,0.7657542506150797,train
ins1976120900013,197612,ins,A,0.0,0.40693073510036293,0.6003516988692361,train
ins1976121200023,197612,ins,A,0.0,-1.979565421489508,0.1213651718362038,train
ins1976121200042,197612,ins,A,0.0,-1.1936801203772711,0.23260139537849742,train
ins1976121500022,197612,ins,A,1.0,1.9073097187888752,0.8707166069734293,train
ins1976121700013,197612,ins,A,1.0,2.6808397535960413,0.9358865297213195,train
ins1976121700032,197612,ins,A,1.0,0.3119621226199427,0.57736412061291,train
ins1976121800012,197612,ins,A,0.0,-1.1301205732206312,0.2441388502308414,train
ins1976121800023,197612,ins,A,1.0,3.9604082064423327,0.9813009818464108,train
ins1976121800042,197612,ins,A,1.0,-1.2535883131627032,0.22207960276287422,train
ins1976122200042,197612,ins,A,0.0,1.0279750634046945,0.736523131347185,train
ins1976122300043,197612,ins,A,0.0,-0.3850687924269378,0.4049049500133314,train
ins1976122600042,197612,ins,A,0.0,-1.7633101865389822,0.14637624685211464,train
ins1976122700043,197612,ins,A,0.0,-1.4448051906243053,0.19080233997379042,train
ins1977010100023,197701,ins,A,1.0,0.44333530261332155,0.6090534790008881,train
ins1977010100032,197701,ins,A,1.0,0.32602150018906406,0.580791032846509,train
ins1977010300031,197701,ins,A,1.0,-0.5229593507256892,0.3721604992971895,train
ins1977010900032,197701,ins,A,0.0,-0.7815864072660659,0.31397807973027947,train
ins1977011000012,197701,ins,A,0.0,3.2842733237974002,0.963885334961455,train
ins1977011600043,197701,ins,A,1.0,1.7651742719931858,0.8538565175728294,train
ins1977011700043,197701,ins,A,1.0,2.2853261783149224,0.9076544460652459,train
ins1977011900013,197701,ins,A,0.0,-1.763088876523963,0.14640390175604653,train
ins1977012100013,197701,ins,A,1.0,0.4136183299053046,0.6019551683084167,train
ins1977012200023,197701,ins,A,1.0,1.5102053503146013,0.819091637759532,train
ins1977012600042,197701,ins,A,1.0,1.6389142640857446,0.8373871470063993,train
ins1977012800023,197701,ins,A,0.0,-0.9160428668778391,0.28576487309404686,train
ins1977013000032,197701,ins,A,0.0,-1.1397012931168589,0.24237520816079214,train
ins1977013000043,197701,ins,A,0.0,-1.44141770698196,0.19132590451394368,train
ins1977013100023,197701,ins,A,1.0,0.45383427893525174,0.6115504804339528,train
ins1977013100032,197701,ins,A,1.0,2.1234025414589865,0.8931570602514325,train
ins1977020300012,197702,ins,A,0.0,-1.2381086585737722,0.2247653726550568,train
ins1977020600012,197702,ins,A,1.0,0.2792339264020096,0.5693584007929187,train
ins1977020600033,197702,ins,A,1.0,1.2357514951631379,0.7748236348346776,train
ins1977021200022,197702,ins,A,1.0,-0.5828379608691102,0.3582798406701712,train
ins1977021300012,197702,ins,A,0.0,0.9951481368122002,0.7301035756822619,train
ins1977021300032,197702,ins,A,0.0,-1.3394022123413414,0.20760838170997292,train
ins1977021300033,197702,ins,A,1.0,-0.7037324043186439,0.3309852258522901,train
ins1977021500022,197702,ins,A,0.0,-1.579726343309741,0.17083424197453162,train
ins1977021500042,197702,ins,A,0.0,-1.0970895394556168,0.25028562415564065,train
ins1977021600013,197702,ins,A,0.0,-0.5770543530943546,0.35961066825276755,train
ins1977021600023,197702,ins,A,1.0,1.167424612166911,0.7626791868349162,train
ins1977021800043,197702,ins,A,0.0,0.8819942540518484,0.7072353090121449,train
ins1977022000023,197702,ins,A,1.0,-1.028587864552899,0.2633579676552761,train
ins1977022300023,197702,ins,A,1.0,1.7862539018565473,0.8564673795683228,train
ins1977022400032,197702,ins,A,0.0,-1.177091302343085,0.23557559080241577,train
ins1977022600032,197702,ins,A,0.0,-1.4050812554090493,0.1970110308598051,train
ins1977022800012,197702,ins,A,1.0,1.0338946898591739,0.7376702656781053,train
ins1977022800023,197702,ins,A,0.0,-0.29293773906557363,0.42728481250693123,train
ins1977030100042,197703,ins,A,1.0,2.339404304252266,0.9120883320993197,train
ins1977030200012,197703,ins,A,1.0,2.038644024879094,0.8847951218319995,train
ins1977030700012,197703,ins,A,1.0,1.3830992412789958,0.7994882907690896,train
ins1977030900023,197703,ins,A,0.0,-1.7133413312579688,0.1527308318274807,train
ins1977031300021,197703,ins,A,0.0,-1.021262013516297,0.2647816485068435,train
ins1977031500012,197703,ins,A,1.0,-0.27728304259819275,0.4311199998410323,train
ins1977031500033,197703,ins,A,1.0,-0.29723875323927795,0.42623263126015115,train
ins1977031600012,197703,ins,A,0.0,0.34979800737983346,0.5865685953762709,train
ins1977031600033,197703,ins,A,1.0,1.8335892578889061,0.8621887546319265,train
ins1977031700033,197703,ins,A,1.0,0.7740229794111918,0.6843905017655467,train
ins1977032100013,197703,ins,A,1.0,-0.5316916081834292,0.37012243377350273,train
ins1977032200022,197703,ins,A,0.0,1.685148576607374,0.8435850845188693,train
ins1977032300013,197703,ins,A,1.0,0.6797044408351325,0.6636727284689994,train
ins1977032700022,197703,ins,A,0.0,-0.9584468506708912,0.27718926898443647,train
ins1977032700033,197703,ins,A,0.0,-0.28848772274097223,0.4283741378238432,train
ins1977032800022,197703,ins,A,0.0,-0.42741362436034247,0.39474410300866747,train
ins1977032800042,197703,ins,A,1.0,0.1853051815724579,0.5461941862768983,train
ins1977033000032,197703,ins,A,0.0,0.6145196222226506,0.6489710983632119,train
ins1977040200012,197704,ins,A,0.0,0.53551927239719,0.6307694720624938,train
ins1977040300031,197704,ins,A,1.0,0.36473571180411263,0.5901863310128287,train
ins1977041000032,197704,ins,A,1.0,-0.1643096284210246,0.45901476020794163,train
ins1977041200013,197704,ins,A,0.0,-1.309327099421006,0.2125994665230001,train
ins1977041200032,197704,ins,A,0.0,-0.8032255125790365,0.30933597358258885,train
ins1977041200042,197704,ins,A,1.0,1.3982084585418226,0.8018994440708873,train
ins1977041300032,197704,ins,A,1.0,3.1257555859389843,0.9579427240147889,train
ins1977041700022,197704,ins,A,0.0,-1.4790057310860032,0.18557764471136018,train
ins1977041700033,197704,ins,A,0.0,-1.5652649112488655,0.17289246412996628,train
ins1977042100022,197704,ins,A,0.0,-1.610985589827639,0.1664518223525671,train
ins1977043000013,197704,ins,A,1.0,-0.1630977703482333,0.4593157039697444,train
ins1977050100032,197705,ins,A,0.0,-1.214409520799812,0.22892176713610812,train
ins1977050700022,197705,ins,A,1.0,1.79984836725796,0.8581304759434298,train
ins1977050700023,197705,ins,A,1.0,1.66712605656946,0.8411922736398368,train
ins1977050700033,197705,ins,A,0.0,-0.33917708432442584,0.4160093869596604,train
ins1977051000033,197705,ins,A,1.0,-0.4955311145412111,0.37859144676692275,train
ins1977051300012,197705,ins,A,0.0,-0.2761759889650457,0.43139153156142257,train
ins1977051400012,197705,ins,A,1.0,1.670055559491437,0.8415832285369108,train
ins1977051400013,197705,ins,A,0.0,-1.093381792329489,0.25098199991142406,train
ins1977051400042,197705,ins,A,1.0,1.7680306495510547,0.8542125921164943,train
ins1977052000023,197705,ins,A,1.0,1.537598257365255,0.8231153112369521,train
ins1977052300032,197705,ins,A,0.0,-1.925905864039636,0.12720443194335984,train
ins1977052500043,197705,ins,A,0.0,-2.5689869123588833,0.0711612373729262,train
ins1977052700043,197705,ins,A,0.0,1.1891628250126418,0.766591302713558,train
ins1977052900013,197705,ins,A,1.0,1.4544861548667387,0.8106878975803855,train
ins1977053100023,197705,ins,A,0.0,-1.1803363762066328,0.23499172028940704,train
ins1977060300012,197706,ins,A,0.0,-1.503803234905533,0.18185896978651978,train
ins1977060400032,197706,ins,A,0.0,-0.25952728555366045,0.4354799154268939,train
ins1977060600023,197706,ins,A,0.0,-1.1432063603538822,0.24173215586312724,train
ins1977061100011,197706,ins,A,1.0,-0.49960849507037874,0.37763267832002867,train
ins1977061400022,197706,ins,A,1.0,0.7555939943058715,0.6803963788440803,train
ins1977061500012,197706,ins,A,1.0,0.748061039405189,0.6787560626685332,train
ins1977061500032,197706,ins,A,0.0,-0.7914046498373837,0.31186714346251004,train
ins1977061700031,197706,ins,A,1.0,1.647342761930458,0.8385315936249522,train
ins1977061800023,197706,ins,A,0.0,-0.4549862366576212,0.38817589972333094,train
ins1977061900032,197706,ins,A,0.0,-1.4601263949121908,0.18844799420277591,train
ins1977062100013,197706,ins,A,1.0,1.1507736894892973,0.7596522061188568,train
ins1977062200022,197706,ins,A,0.0,-2.368719067337814,0.08558933689371119,train
ins1977062700013,197706,ins,A,1.0,1.4743760623186999,0.8137216149176709,train
ins1977062900043,197706,ins,A,0.0,-0.8992549415488742,0.2892036311766016,train
ins1977070200032,197707,ins,A,1.0,-1.476191176768115,0.18600340896407622,train
ins1977070400031,197707,ins,A,0.0,0.6532532885029443,0.6577432088693317,train
ins1977070500033,197707,ins,A,1.0,1.1514795872391157,0.7597810658228589,train
ins1977070900023,197707,ins,A,0.0,-0.6667280616275149,0.3392298692358362,train
ins1977072300042,197707,ins,A,0.0,-0.9846385272385114,0.27197236866955826,train
ins1977072600033,197707,ins,A,0.0,1.2297864405815329,0.7737811941906968,train
ins1977072800023,197707,ins,A,0.0,-2.0032474183464366,0.11886238533607903,train
ins1977073000013,197707,ins,A,1.0,0.7651911644309399,0.6824797291897874,train
ins1977073000022,197707,ins,A,1.0,-0.7202567122379787,0.3273364556523132,train
ins1977073000033,197707,ins,A,0.0,-0.7262559114515152,0.3260168790045069,train
ins1977073100022,197707,ins,A,1.0,0.07561281167031172,0.5188942017945203,train
ins1977073100023,197707,ins,A,0.0,-0.742727911087232,0.32240791296185156,train
ins1977080400022,197708,ins,A,0.0,-1.8206763125774648,0.1393527406045001,train
ins1977080500012,197708,ins,A,1.0,0.2329700416056284,0.5579805061223293,train
ins1977080500022,197708,ins,A,0.0,-1.1888921780981723,0.23345712738316507,train
ins1977080900033,197708,ins,A,0.0,-1.6508941439245377,0.1609881400869831,train
ins1977081200011,197708,ins,A,0.0,-1.2939492636352046,0.21518510712544076,train
ins1977081500043,197708,ins,A,0.0,-1.2691257366929702,0.21940694828135196,train
ins1977081600012,197708,ins,A,1.0,0.9105811456088386,0.7131190683970958,train
ins1977081800013,197708,ins,A,0.0,-1.7697828875565,0.1455693310661084,train
ins1977082200023,197708,ins,A,1.0,0.09499703520562564,0.5237314145977325,train
ins1977082300023,197708,ins,A,0.0,-1.1074363680989587,0.24834913765376748,train
ins1977082400012,197708,ins,A,1.0,-0.6581815563395593,0.3411482179149781,train
ins1977082500042,197708,ins,A,1.0,0.39069511063990864,0.5964500218270019,train
ins1977082600023,197708,ins,A,1.0,1.4129056044518449,0.8042238292698703,train
ins1977082900023,197708,ins,A,1.0,-0.21166689855692603,0.4472799626462588,train
ins1977083000022,197708,ins,A,0.0,-1.4703356532845797,0.18689160168332244,train
ins1977083100023,197708,ins,A,1.0,0.7221823437653943,0.6730874028972136,train
ins1977090100013,197709,ins,A,0.0,-0.5553357381667563,0.364627365254695,train
ins1977090300032,197709,ins,A,0.0,-1.4744909764010745,0.1862609671775095,train
ins1977090500033,197709,ins,A,1.0,-1.1206074380097664,0.24589862742178645,train
ins1977090700021,197709,ins,A,1.0,-0.03251306796338127,0.49187244896577853,train
ins1977090700032,197709,ins,A,0.0,-0.6530790208471973,0.34229602283484034,train
ins1977090900033,197709,ins,A,1.0,0.4024229711210283,0.5992696655085763,train
ins1977091000042,197709,ins,A,0.0,-1.0556216297964314,0.2581470556191792,train
ins1977091600013,197709,ins,A,0.0,-1.3431994713201938,0.206984399039058,train
ins1977091600043,197709,ins,A,0.0,-0.9735247886047738,0.27417849484314544,train
ins1977092000032,197709,ins,A,0.0,-0.8055410935471292,0.3088414746663936,train
ins1977092100013,197709,ins,A,1.0,1.2759757235911513,0.7817639769535152,train
ins1977092200043,197709,ins,A,0.0,-1.0988317114874169,0.2499588604782824,train
ins1977092600013,197709,ins,A,1.0,-0.4508531362812491,0.3891579444125919,train
ins1977092800012,197709,ins,A,0.0,0.2909232024444475,0.5722221331376285,train
ins1977092800033,197709,ins,A,1.0,1.0514425204031514,0.7410518064695439,train
ins1977092900012,197709,ins,A,0.0,1.0527463361993685,0.7413019222890014,train
ins1977093000012,197709,ins,A,1.0,-1.3208974265330105,0.2106690238374158,train
ins1977093000042,197709,ins,A,0.0,0.531869535909243,0.6299190458819964,train
ins1977100700012,197710,ins,A,1.0,-0.1249360413193702,0.4688065540308356,train
ins1977100700021,197710,ins,A,0.0,-1.4943895369988103,0.18326379584126753,train
ins1977101100032,197710,ins,A,0.0,-2.099021146146055,0.1091919970171894,train
ins1977101700033,197710,ins,A,0.0,-0.9608937506851916,0.27669928678739186,train
ins1977101900023,197710,ins,A,1.0,1.1830749926823594,0.7655002451152609,train
ins1977101900033,197710,ins,A,0.0,-1.247261466889337,0.2231745519865232,train
ins1977102000033,197710,ins,A,1.0,1.3624388130606204,0.7961557828445466,train
ins1977102000042,197710,ins,A,0.0,0.4439789066973375,0.6092067150960091,train
ins1977102200022,197710,ins,A,1.0,2.0170813635615445,0.8825788784778206,train
ins1977102200031,197710,ins,A,0.0,-0.41559841815500825,0.39757048827760266,train
ins1977102300012,197710,ins,A,1.0,-0.25363045205208035,0.4369301237702266,train
ins1977102700032,197710,ins,A,1.0,-0.18916633781047848,0.4528489358562626,train
ins1977102900033,197710,ins,A,0.0,-1.3447043002159527,0.206737502541472,train
ins1977103100013,197710,ins,A,0.0,-1.2911602017301305,0.21565649938236578,train
ins1977110700021,197711,ins,A,1.0,-0.3379934896372636,0.41629696460853827,train
ins1977110800021,197711,ins,A,1.0,-0.17792211761889268,0.45563644099866185,train
ins1977110800042,197711,ins,A,0.0,-0.6828560476185537,0.3356241607484005,train
ins1977111600033,197711,ins,A,0.0,-0.6460181056466092,0.34388740828060244,train
ins1977111800012,197711,ins,A,0.0,-1.4077061599967635,0.19659610726587054,train
ins1977112300012,197711,ins,A,0.0,-1.1439951143029279,0.24158760851528865,train
ins1977112500022,197711,ins,A,0.0,-1.5087655311453365,0.18112181343325473,train
ins1977112600012,197711,ins,A,1.0,1.036186604794176,0.7381135390033479,train
ins1977112600031,197711,ins,A,0.0,-1.0401686989111107,0.2611174446586573,train
ins1977113000013,197711,ins,A,0.0,1.2767582326506237,0.7818974506541292,train
ins1977120300033,197712,ins,A,0.0,-1.0824234468048413,0.25304767587446336,train
ins1977121600043,197712,ins,A,0.0,-1.613934477113028,0.16604307951194835,train
ins1977121700013,197712,ins,A,1.0,0.48469285665826006,0.6188554105037256,train
ins1977122000023,197712,ins,A,0.0,-0.7673519980813287,0.3170522004227802,train
ins1977122100033,197712,ins,A,0.0,-1.4054729157262613,0.19694907845708703,train
ins1977122300042,197712,ins,A,1.0,0.9881630589004753,0.7287249394388015,train
ins1977122600033,197712,ins,A,1.0,1.1065024034305109,0.751476476466065,train
ins1977122700012,197712,ins,A,1.0,-0.2557264825597692,0.4364145221023693,train
ins1977122800043,197712,ins,A,0.0,-2.3439064125826974,0.08755134352481489,train
ins1977123100013,197712,ins,A,1.0,1.9725340874598558,0.8778830387728124,train
ins1978010200022,197801,ins,A,0.0,-1.2547798426098478,0.2218738220030817,train
ins1978010200023,197801,ins,A,0.0,-2.121870306648005,0.10698924523289831,train
ins1978010300032,197801,ins,A,1.0,0.9384220690263063,0.7187808125464564,train
ins1978010400032,197801,ins,A,1.0,1.3779933123041666,0.7986685240411093,train
ins1978010500023,197801,ins,A,1.0,4.218789670202381,0.9854969873128605,train
ins1978010600042,197801,ins,A,1.0,1.625606910792062,0.8355669404909033,train
ins1978010700011,197801,ins,A,0.0,-0.6848440079016735,0.33518102915377307,train
ins1978010700013,197801,ins,A,0.0,-1.4048504339039387,0.1970475488412376,train
ins1978010800033,197801,ins,A,1.0,-0.9496187965541031,0.2789614915310246,train
ins1978011300023,197801,ins,A,0.0,-1.3432376490425544,0.206978132546893,train
ins1978011300032,197801,ins,A,0.0,-0.805786611526313,0.3087890692467185,train
ins1978011400013,197801,ins,A,1.0,0.6993255661727923,0.6680382245487443,train
ins1978011400042,197801,ins,A,0.0,-1.5840510052690742,0.17022252577441294,train
ins1978011500012,197801,ins,A,0.0,-0.7860023969301964,0.3130276761775934,train
ins1978011600011,197801,ins,A,1.0,-1.280962257620017,0.21738647056014462,train
ins1978012000013,197801,ins,A,1.0,1.047215829552508,0.7402399037434623,train
ins1978012200012,197801,ins,A,1.0,2.3805052745973643,0.9153286023567289,train
ins1978012400033,197801,ins,A,0.0,-1.443083154780393,0.19106835838530917,train
ins1978012600013,197801,ins,A,0.0,-1.775077234348444,0.1449120609198653,train
ins1978013100032,197801,ins,A,1.0,0.23610230839984436,0.558752902050512,train
ins1978020200022,197802,ins,A,0.0,-0.7657873641751725,0.31739108769916236,train
ins1978020500022,197802,ins,A,0.0,-1.3129229473698185,0.21199814030784006,train
ins1978020600013,197802,ins,A,1.0,1.7011562533464668,0.8456856879220408,train
ins1978020600032,197802,ins,A,0.0,-1.471972373744949,0.1866430079702956,train
ins1978020900012,197802,ins,A,0.0,-1.8274068974537294,0.13854747535205336,train
ins1978021400023,197802,ins,A,0.0,-1.773601340531191,0.14509503855469483,train
ins1978021400033,197802,ins,A,0.0,-1.1463146259118544,0.24116287532791505,train
ins1978021500043,197802,ins,A,1.0,1.00522026184685,0.7320837055816857,train
ins1978021700042,197802,ins,A,0.0,-1.4277698464493964,0.19344640583632056,train
ins1978021700043,197802,ins,A,0.0,-1.4775675088039624,0.18579511389246678,train
ins1978022700033,197802,ins,A,1.0,-0.9697438196273167,0.27493156733718543,train
ins1978022700043,197802,ins,A,1.0,1.1870401201070742,0.7662112741699585,train
ins1978022800022,197802,ins,A,1.0,-0.07604922271110581,0.4809968521400937,train
ins1978030100011,197803,ins,A,0.0,-0.5539826132240848,0.3649409068461054,train
ins1978030200021,197803,ins,A,0.0,-0.6019962183074608,0.3538871233897816,train
ins1978030300012,197803,ins,A,0.0,-1.4280540920361822,0.1934020603132118,train
ins1978030700013,197803,ins,A,0.0,-1.578185558912811,0.17105260464059627,train
ins1978030900023,197803,ins,A,1.0,3.7224957833847077,0.9763970078351117,train
ins1978031000032,197803,ins,A,0.0,-1.8779369064718092,0.13262602448906435,train
ins1978031300023,197803,ins,A,0.0,0.22883664177943652,0.556960808652103,train
ins1978031500043,197803,ins,A,0.0,-2.003891657726717,0.11879492805841461,train
ins1978031700012,197803,ins,A,1.0,-0.5812874225660564,0.35863641158117043,train
ins1978031800033,197803,ins,A,0.0,-2.075606018082361,0.11149049367563353,train
ins1978031800043,197803,ins,A,1.0,1.0987431678847694,0.7500245390501757,train
ins1978032000022,197803,ins,A,1.0,-1.602924342602873,0.16757329439881596,train
ins1978032400022,197803,ins,A,1.0,1.342287769961418,0.7928659126285619,train
ins1978032900033,197803,ins,A,1.0,1.7590700124337466,0.8530931475616875,train
ins1978033000031,197803,ins,A,0.0,-0.48800575504887195,0.3803634732011006,train
ins1978033100013,197803,ins,A,1.0,0.8542476154277677,0.7014574169543648,train
ins1978040100023,197804,ins,A,0.0,-0.402716719000639,0.4006597943076341,train
ins1978040200043,197804,ins,A,0.0,-1.5742556099226461,0.1716105668849058,train
ins1978040300033,197804,ins,A,0.0,-1.2264389297456182,0.22680530398914234,train
ins1978040500033,197804,ins,A,0.0,-1.9343727659849066,0.12626737051710235,train
ins1978040500042,197804,ins,A,0.0,-1.410765827651801,0.19611329334026448,train
ins1978040600012,197804,ins,A,0.0,-1.0988922102317518,0.24994751837984408,train
ins1978040600022,197804,ins,A,1.0,1.0399883942568395,0.7388477667420695,train
ins1978040700013,197804,ins,A,1.0,1.5992933128365145,0.8319195926803741,train
ins1978041000022,197804,ins,A,0.0,-1.9268809108503495,0.12709621821196712,train
ins1978041000043,197804,ins,A,0.0,-0.2790178569960825,0.4306945779314687,train
ins1978041200042,197804,ins,A,0.0,-1.7068609333883602,0.15357131054996376,train
ins1978041300032,197804,ins,A,1.0,1.8883802615249592,0.8685707386858423,train
ins1978042000013,197804,ins,A,0.0,-0.5568954877207747,0.3642660878029916,train
ins1978042100012,197804,ins,A,0.0,-1.2551042374076373,0.22181782164725097,train
ins1978042300033,197804,ins,A,0.0,-0.026978448484632045,0.49325579693041244,train
ins1978042300043,197804,ins,A,0.0,-1.810790974006087,0.1405425565425979,train
ins1978050300012,197805,ins,A,0.0,-1.9746044716105657,0.12189518051015254,train
ins1978050400022,197805,ins,A,0.0,-1.805618448833767,0.1411685100911218,train
ins1978050600042,197805,ins,A,0.0,-1.0442057398533469,0.2603393091349404,train
ins1978050700013,197805,ins,A,1.0,0.09306167116751951,0.523248641524042,train
ins1978050900033,197805,ins,A,1.0,-0.5644192837267343,0.3625255406408243,train
ins1978051200022,197805,ins,A,1.0,2.659177874107722,0.9345744155794226,train
ins1978052000023,197805,ins,A,1.0,1.5274628652337152,0.8216347978005347,train
ins1978052200011,197805,ins,A,0.0,0.15410042585285288,0.538449049283999,train
ins1978052500021,197805,ins,A,1.0,-0.11115418999970661,0.47224002840778195,train
ins1978052500022,197805,ins,A,0.0,0.1362801612399528,0.5340174081903335,train
ins1978052600022,197805,ins,A,1.0,1.3814552474323514,0.7992246176741206,train
ins1978052700022,197805,ins,A,0.0,-0.4975461401348366,0.3781175080252877,train
ins1978052800042,197805,ins,A,1.0,1.7847296450341104,0.8562798993110577,train
ins1978053100011,197805,ins,A,0.0,0.24902281097032952,0.5619359667650405,train
ins1978053100033,197805,ins,A,0.0,0.12060963254084389,0.5301159097659184,train
ins1978060300011,197806,ins,A,0.0,-1.4688700446171024,0.187114422376391,train
ins1978060400021,197806,ins,A,0.0,-0.7226509135262367,0.32680950102407574,train
ins1978060400022,197806,ins,A,1.0,-0.9135868277491163,0.28626642245872885,train
ins1978060500033,197806,ins,A,0.0,-1.862601062596005,0.1344001648964723,train
ins1978060700022,197806,ins,A,1.0,-1.6874656343303625,0.15610942470026112,train
ins1978060800043,197806,ins,A,1.0,1.7287778047315048,0.8492560213126245,train
ins1978061000023,197806,ins,A,0.0,-2.4720047283529016,0.0778442048920162,train
ins1978061100032,197806,ins,A,1.0,1.0167811373240128,0.7343451299965695,train
ins1978061800012,197806,ins,A,0.0,-1.9476889079643467,0.12480557798179819,train
ins1978062000032,197806,ins,A,1.0,0.8067868101212083,0.6914243706830683,train
ins1978062500042,197806,ins,A,1.0,1.8937297553610961,0.8691802102925936,train
ins1978062600042,197806,ins,A,0.0,-0.8043267102503693,0.30910075516143676,train
ins1978063000043,197806,ins,A,0.0,-0.6009734579114637,0.3541210135367925,train
ins1978070300033,197807,ins,A,1.0,1.6529359889685435,0.8392874630100247,train
ins1978070400022,197807,ins,A,0.0,-0.5202344134886138,0.37279742160701845,train
ins1978070500022,197807,ins,A,0.0,-1.6202946930326378,0.16516423242964223,train
ins1978070600042,197807,ins,A,0.0,-1.1169900201834857,0.24657003064109745,train
ins1978070800011,197807,ins,A,0.0,-1.1949857015502796,0.23236843313091157,train
ins1978070800013,197807,ins,A,1.0,3.383328523636811,0.9671794282575708,train
ins1978071400022,197807,ins,A,0.0,-1.7968471929223018,0.14223528756226891,train
ins1978071500012,197807,ins,A,1.0,1.301427548398738,0.7860751390655777,train
ins1978071800023,197807,ins,A,0.0,-0.7993879192545423,0.310156464101081,train
ins1978071800033,197807,ins,A,0.0,-1.057109315320137,0.25786225572338667,train
ins1978072100023,197807,ins,A,1.0,1.4213791839621617,0.8055545378955825,train
ins1978072200021,197807,ins,A,1.0,0.1608884777994794,0.5401355806432031,train
ins1978072300033,197807,ins,A,1.0,1.365912592171231,0.7967189685830357,train
ins1978080100023,197808,ins,A,0.0,-0.29443570766448396,0.42691828085693506,train
ins1978080100033,197808,ins,A,0.0,-1.9333169651861979,0.12638389657057317,train
ins1978080100043,197808,ins,A,1.0,2.6089153428992926,0.9314331565900081,train
ins1978080200023,197808,ins,A,1.0,2.0107899409504473,0.881925305980247,train
ins1978080300023,197808,ins,A,1.0,1.6377881553229199,0.837233746608186,train
ins1978080600033,197808,ins,A,0.0,0.8021547540116339,0.6904352151253853,train
ins1978080800013,197808,ins,A,0.0,-1.9026180357192426,0.12981245123622495,train
ins1978081100023,197808,ins,A,1.0,0.23070320089943164,0.5574213432200167,train
ins1978081200031,197808,ins,A,1.0,0.23842086787954375,0.5593244603619384,train
ins1978081300023,197808,ins,A,0.0,-1.7539167303003578,0.14755386456657213,train
ins1978081400033,197808,ins,A,0.0,-1.8844177279978516,0.13188226775975453,train
ins1978081500043,197808,ins,A,0.0,1.938008137084522,0.8741331532638298,train
ins1978081600023,197808,ins,A,1.0,0.03637571673986961,0.5090929265658553,train
ins1978082000032,197808,ins,A,0.0,-1.3073199869596395,0.21293565283698393,train
ins1978082200013,197808,ins,A,0.0,-0.14845908014475384,0.46295324782126335,train
ins1978082400022,197808,ins,A,1.0,1.2539058570546542,0.7779752513587316,train
ins1978090100032,197809,ins,A,1.0,1.4810017666681765,0.8147238439632881,train
ins1978090200013,197809,ins,A,0.0,-1.8645286752498804,0.13417607068107842,train
ins1978090500032,197809,ins,A,0.0,-0.12168761079649124,0.4696155821049037,train
ins1978090500042,197809,ins,A,0.0,-0.5942320538562215,0.355664414877724,train
ins1978090900023,197809,ins,A,0.0,-1.2412338645317187,0.22422128677691935,train
ins1978091900012,197809,ins,A,1.0,0.439546322369459,0.6081509231409381,train
ins1978091900033,197809,ins,A,1.0,0.5761254512199623,0.6401753862736528,train
ins1978092200013,197809,ins,A,1.0,1.2234543721865916,0.7726708833852134,train
ins1978092400012,197809,ins,A,0.0,-0.8475447544198309,0.29994815481346504,train
ins1978092400032,197809,ins,A,1.0,-0.2100923061912408,0.4476692665486587,train
ins1978092800013,197809,ins,A,0.0,-1.3463542906139645,0.20646703982159992,train
ins1978100100013,197810,ins,A,0.0,-0.5378818486893864,0.3686804556683864,train
ins1978100500031,197810,ins,A,0.0,0.05293317320279828,0.5132302042795421,train
ins1978100700022,197810,ins,A,0.0,-0.8630747293370202,0.29669734712972395,train
ins1978100800032,197810,ins,A,0.0,-0.7305880099493733,0.32506570594723694,train
ins1978100900032,197810,ins,A,1.0,1.129004099820028,0.7556550624197973,train
ins1978101000022,197810,ins,A,1.0,1.144255540662076,0.7584601043816463,train
ins1978101400013,197810,ins,A,0.0,-1.565019924999894,0.17292750013275413,train
ins1978101600023,197810,ins,A,1.0,1.5955546963240372,0.8313961753270037,train
ins1978101600043,197810,ins,A,1.0,2.3715619945360125,0.914632899423463,train
ins1978101800032,197810,ins,A,1.0,1.3781192393956085,0.7986887719922684,train
ins1978102100011,197810,ins,A,0.0,-0.5953610846065283,0.3554057202022667,train
ins1978102100031,197810,ins,A,0.0,-1.8268500416566233,0.13861395062370127,train
ins1978102300023,197810,ins,A,1.0,1.7586670362479409,0.8530426372925334,train
ins1978102300033,197810,ins,A,0.0,-1.7121571254624959,0.15288413596866826,train
ins1978102500023,197810,ins,A,0.0,-1.1710986122920584,0.23665646234864396,train
ins1978102800012,197810,ins,A,1.0,-1.1966611528636095,0.2320697112945923,train
ins1978102800023,197810,ins,A,1.0,0.9491919240143649,0.7209526383810838,train
ins1978103100011,197810,ins,A,1.0,0.5903566270149732,0.6434469683073278,train
ins1978110100032,197811,ins,A,0.0,-0.3646428842431124,0.4098361210455043,train
ins1978110200022,197811,ins,A,1.0,-1.2675427115174407,0.2196781895327443,train
ins1978110200023,197811,ins,A,0.0,-1.5028324843388154,0.18200344876580538,train
ins1978110200033,197811,ins,A,0.0,-1.6579065710737773,0.16004321506674704,train
ins1978110600013,197811,ins,A,1.0,2.503247216613301,0.924369148636725,train
ins1978110900021,197811,ins,A,0.0,-0.49934446643405583,0.37769473398186576,train
ins1978111100022,197811,ins,A,0.0,-1.2598772441151413,0.22099502468596519,train
ins1978111100042,197811,ins,A,1.0,0.8299054323949959,0.6963349336297459,train
ins1978111300033,197811,ins,A,1.0,1.2626157958737572,0.7794760737969054,train
ins1978111800023,197811,ins,A,1.0,0.922133521295128,0.7154766258494287,train
ins1978112100013,197811,ins,A,1.0,-1.8109622285364297,0.14052187192193422,train
ins1978112300011,197811,ins,A,0.0,-1.5594051135391878,0.17373202592604026,train
ins1978112700023,197811,ins,A,0.0,-1.0062411872966153,0.2677161004579336,train
ins1978112800023,197811,ins,A,0.0,-1.7428941965458886,0.14894569078229836,train
ins1978113000042,197811,ins,A,0.0,-1.5987796802478098,0.16815224049298333,train
ins1978120200012,197812,ins,A,1.0,1.7584545244890284,0.853015994629187,train
ins1978120400022,197812,ins,A,0.0,-1.4766397163737373,0.18593550687784693,train
ins1978120800011,197812,ins,A,1.0,1.180356334654837,0.7650118676340578,train
ins1978120900022,197812,ins,A,0.0,-1.8315330395173812,0.13805574581091073,train
ins1978121300042,197812,ins,A,1.0,1.0574958155390486,0.7422117016355867,train
ins1978121400042,197812,ins,A,1.0,0.1555035376973346,0.538797734115476,train
ins1978121700023,197812,ins,A,1.0,0.9498136187368336,0.7210776937005585,train
ins1978121900021,197812,ins,A,0.0,-0.8748363612408556,0.2942489533082932,train
ins1978122000012,197812,ins,A,1.0,1.3084045632503276,0.7872460591149996,train
ins1978122000031,197812,ins,A,0.0,-1.2037839381230049,0.23080275901889447,train
ins1978122100012,197812,ins,A,1.0,1.417006762875142,0.8048687423514215,train
ins1978122200022,197812,ins,A,0.0,-1.500749102651913,0.1823138243816436,train
ins1978122300012,197812,ins,A,0.0,-1.1053950270425743,0.24873039427306337,train
ins1978122700021,197812,ins,A,1.0,-1.0350540924257527,0.26210543686448,train
ins1978123000042,197812,ins,A,1.0,-1.73870731786584,0.1494772036273732,train
ins1978123100022,197812,ins,A,0.0,0.9872822231628952,0.7285507764350674,train
ins1978123100032,197812,ins,A,0.0,-0.42448344334873767,0.3954444008448709,train
ins1978123100033,197812,ins,A,0.0,-0.6103405397514151,0.3519815201124051,train
ins1979010200022,197901,ins,A,0.0,-1.1782182830785959,0.2353727048955184,train
ins1979010500013,197901,ins,A,1.0,1.1447509154572981,0.7585508446191236,train
ins1979010500033,197901,ins,A,0.0,-0.9359043545646966,0.2817283857671304,train
ins1979010700012,197901,ins,A,0.0,-0.5106785582760903,0.3750344691077853,train
ins1979010800022,197901,ins,A,0.0,-2.2226547883243586,0.09773444848449132,train
ins1979011300022,197901,ins,A,1.0,0.5172642770249538,0.6265078405906127,train
ins1979011400032,197901,ins,A,1.0,1.3852158409519104,0.7998273809379138,train
ins1979011500023,197901,ins,A,1.0,1.2151981472127957,0.7712174087502525,train
ins1979011600012,197901,ins,A,1.0,0.4095210922002153,0.6009730401845841,train
ins1979011800013,197901,ins,A,1.0,-1.148664318471053,0.24073313529512008,train
ins1979011900033,197901,ins,A,1.0,2.262824326413551,0.9057510092855993,train
ins1979012600022,197901,ins,A,0.0,-2.099299526895379,0.10916492211665381,train
ins1979012700032,197901,ins,A,0.0,-1.7110502603583082,0.15302754179027617,train
ins1979012800023,197901,ins,A,1.0,1.884622960920169,0.8681412274459425,train
ins1979012900032,197901,ins,A,1.0,-1.4179859180468894,0.19497752228859375,train
ins1979020500013,197902,ins,A,1.0,1.397314173482022,0.8017573425187738,train
ins1979020500031,197902,ins,A,0.0,-0.28203541644847296,0.42995483740089296,train
ins1979021200033,197902,ins,A,0.0,-1.6416418930648502,0.16224177371479195,train
ins1979021300022,197902,ins,A,0.0,-1.9328382507893456,0.12643676136346316,train
ins1979021400013,197902,ins,A,0.0,-1.6658013002894436,0.1589847776807829,train
ins1979021400022,197902,ins,A,1.0,2.4687856957556464,0.9219244042669947,train
ins1979021400033,197902,ins,A,1.0,-0.2958440089724409,0.4265737626945784,train
ins1979021600022,197902,ins,A,1.0,-0.2687335510171558,0.43321803279222365,train
ins1979021600032,197902,ins,A,0.0,-1.451440406978611,0.18977998496232312,train
ins1979021900032,197902,ins,A,0.0,-1.3217036498692862,0.2105349901775353,train
ins1979022000012,197902,ins,A,1.0,-0.6400772567876223,0.34522907560007426,train
ins1979022500033,197902,ins,A,1.0,0.7914935262127691,0.6881519296244949,train
ins1979030300033,197903,ins,A,1.0,-1.4019360368366232,0.19750907136082052,train
ins1979030800021,197903,ins,A,0.0,-1.7018399113620415,0.15422511482980417,train
ins1979031200013,197903,ins,A,0.0,-0.8261184695399728,0.3044664243511737,train
ins1979031400032,197903,ins,A,1.0,1.0106937062272774,0.7331558867173652,train
ins1979032200042,197903,ins,A,1.0,-0.10808753932059242,0.4730043923387875,train
ins1979032300033,197903,ins,A,1.0,-0.88038097123968,0.2930988385264702,train
ins1979032700031,197903,ins,A,0.0,-0.22405705325036807,0.4442188998729209,train
ins1979033000023,197903,ins,A,0.0,-1.9579703458420883,0.12368687061698648,train
ins1979033100032,197903,ins,A,0.0,-1.829107476788388,0.13834463241625314,train
ins1979040300013,197904,ins,A,1.0,2.4473848046113953,0.9203699961724692,train
ins1979040400043,197904,ins,A,1.0,1.781297448975096,0.8558570006466368,train
ins1979040900012,197904,ins,A,0.0,-1.102896497668918,0.2491975714825616,train
ins1979041200022,197904,ins,A,0.0,-1.5838764083515564,0.17024718845332476,train
ins1979041300022,197904,ins,A,1.0,-0.14163069296523953,0.4646513958967735,train
ins1979041700032,197904,ins,A,0.0,-1.1972257200647767,0.23196911309612753,train
ins1979041800032,197904,ins,A,1.0,1.5780171497330535,0.8289235146907867,train
ins1979041900013,197904,ins,A,0.0,-1.378704835123422,0.20121708945694144,train
ins1979041900032,197904,ins,A,0.0,-1.4917412703578175,0.18366051610209286,train
ins1979042400042,197904,ins,A,1.0,-0.7471833931392207,0.32143533484122716,train
ins1979042700022,197904,ins,A,0.0,-1.6536730506982469,0.16061314400304938,train
ins1979050700012,197905,ins,A,0.0,-1.485506573305147,0.18459712428016417,train
ins1979050800013,197905,ins,A,0.0,-2.390371146802067,0.08390989779785693,train
ins1979050800022,197905,ins,A,0.0,-2.1957574159007915,0.10013212204323506,train
ins1979050900033,197905,ins,A,0.0,-1.9630375460986509,0.12313869121452557,train
ins1979051400012,197905,ins,A,1.0,3.4332861337241134,0.9687287692019906,train
ins1979051600043,197905,ins,A,1.0,-1.6259257988622489,0.16438925062568388,train
ins1979051800032,197905,ins,A,0.0,-1.7856866379926348,0.14360236885190694,train
ins1979051900032,197905,ins,A,1.0,1.554446387828577,0.8255550008806694,train
ins1979052400022,197905,ins,A,1.0,0.21507079526494927,0.5535613989345738,train
ins1979052500032,197905,ins,A,0.0,-1.9554084298881205,0.12396482047618126,train
ins1979052600033,197905,ins,A,0.0,-1.6974453134895573,0.1547992164317207,train
ins1979052700013,197905,ins,A,1.0,1.6610735221681776,0.8403820580035232,train
ins1979053100033,197905,ins,A,1.0,1.034525781592937,0.7377923717158938,train
ins1979060300033,197906,ins,A,1.0,0.8836079380326194,0.7075693162027494,train
ins1979061100013,197906,ins,A,1.0,1.4550903998025457,0.8107806154728272,train
ins1979061200033,197906,ins,A,1.0,1.8582052612484439,0.8650876194554874,train
ins1979061300012,197906,ins,A,0.0,-0.4456454333303499,0.39039660070675836,train
ins1979061400022,197906,ins,A,0.0,-1.4265693182615868,0.19363378705815318,train
ins1979061500023,197906,ins,A,0.0,-0.8658252360241061,0.2961237254366099,train
ins1979061500033,197906,ins,A,1.0,-1.113373954218449,0.2472424144228474,train
ins1979061700023,197906,ins,A,1.0,2.0152471154267584,0.8823886556694781,train
ins1979061800023,197906,ins,A,0.0,-0.991333670759735,0.27064873320231675,train
ins1979061900032,197906,ins,A,1.0,2.826978045115087,0.9441163756016435,train
ins1979061900042,197906,ins,A,1.0,-1.3707856073575924,0.2024929493963514,train
ins1979062000032,197906,ins,A,0.0,0.24639511900286282,0.5612890188500355,train
ins1979070400033,197907,ins,A,0.0,-1.5284645961698722,0.17821844476837143,train
ins1979070800023,197907,ins,A,0.0,-0.452154330514555,0.38884867692461317,train
ins1979071300023,197907,ins,A,0.0,-1.7263056238299805,0.15106074119793422,train
ins1979071400023,197907,ins,A,0.0,1.7071596481186764,0.8464675145123776,train
ins1979071500022,197907,ins,A,0.0,-1.7435779133656966,0.14885904304274858,train
ins1979071700021,197907,ins,A,1.0,0.011021020740200282,0.5027552272969489,train
ins1979071900042,197907,ins,A,0.0,-1.4907904083833416,0.18380312108587823,train
ins1979072000033,197907,ins,A,1.0,1.5037814382721877,0.818137787150893,train
ins1979072200013,197907,ins,A,1.0,-0.8843678261848233,0.2922734763600264,train
ins1979072200033,197907,ins,A,0.0,-1.305310858760513,0.21327256499055855,train
ins1979072300013,197907,ins,A,0.0,-1.7882754483122034,0.14328428872578627,train
ins1979072500033,197907,ins,A,0.0,-1.3712522400322529,0.20241760355481364,train
ins1979072600011,197907,ins,A,0.0,-0.3715202270686015,0.4081737322495001,train
ins1979072700023,197907,ins,A,1.0,-1.8540026853824103,0.13540362049357701,train
ins1979072800011,197907,ins,A,1.0,0.029298750978035915,0.5073241638198935,train
ins1979072800012,197907,ins,A,1.0,-1.0217635455165957,0.26468402562379173,train
ins1979072900031,197907,ins,A,1.0,0.7553480985437913,0.6803429046815467,train
ins1979073000022,197907,ins,A,0.0,-1.899706932810902,0.1301416473792605,train
ins1979080200013,197908,ins,A,0.0,-1.8908574440547228,0.1311467351256299,train
ins1979080300022,197908,ins,A,1.0,0.46074792656469327,0.6131915901054239,train
ins1979080400013,197908,ins,A,0.0,-1.4815088356573343,0.1851996267442366,train
ins1979080400041,197908,ins,A,0.0,-0.017973034069502736,0.4955068624334748,train
ins1979080700022,197908,ins,A,1.0,-0.9849372066518691,0.2719132331583889,train
ins1979081200011,197908,ins,A,0.0,-1.4374469372673744,0.1919410163246312,train
ins1979081200023,197908,ins,A,0.0,-1.706971185835585,0.15355697969449728,train
ins1979081700012,197908,ins,A,0.0,-1.7334561701019622,0.15014603137424246,train
ins1979081800033,197908,ins,A,0.0,-2.052756559183864,0.11377414250377628,train
ins1979082000023,197908,ins,A,0.0,-1.6515281809989615,0.1609025184982955,train
ins1979082100013,197908,ins,A,1.0,-1.5554223193271184,0.17430449602939416,train
ins1979082100023,197908,ins,A,0.0,-2.067473379700901,0.11229866483905296,train
ins1979082200032,197908,ins,A,0.0,-2.0754855297076817,0.11150242985655492,train
ins1979082300013,197908,ins,A,0.0,0.3757431357459685,0.5928459901487714,train
ins1979082500023,197908,ins,A,1.0,-1.9125048839084622,0.12869970292055996,train
ins1979082500032,197908,ins,A,1.0,1.1027262471773218,0.7507705736067083,train
ins1979082600013,197908,ins,A,1.0,2.0129817009349633,0.8821533496715841,train
ins1979082700023,197908,ins,A,0.0,-1.3162685534465026,0.21143977884770795,train
ins1979082700042,197908,ins,A,1.0,0.9974925212502764,0.7305652928467268,train
ins1979083000033,197908,ins,A,1.0,1.6370711176513768,0.8371360098171727,train
ins1979083100023,197908,ins,A,0.0,-1.2460839267084485,0.2233787659302368,train
ins1979090200023,197909,ins,A,1.0,-0.7711708190228123,0.3162258890348248,train
ins1979090400033,197909,ins,A,0.0,-1.3830613357808732,0.20051778580762278,train
ins1979090500023,197909,ins,A,1.0,-1.1080255182961585,0.24823917620645125,train
ins1979090500042,197909,ins,A,0.0,-0.44267595199132653,0.39110352850485186,train
ins1979090600043,197909,ins,A,1.0,-0.6151625919734754,0.35088244226685605,train
ins1979091100032,197909,ins,A,0.0,-1.9233332803925538,0.1274903231180373,train
ins1979091200043,197909,ins,A,1.0,-0.2718459448197947,0.432453974520036,train
ins1979091400033,197909,ins,A,1.0,-0.18253656998786627,0.45449214601031995,train
ins1979091900012,197909,ins,A,1.0,-0.5000818086758374,0.37752144364824614,train
ins1979092100033,197909,ins,A,1.0,0.6434913675426379,0.6555422620184187,train
ins1979092200032,197909,ins,A,0.0,-1.1435557126824643,0.24166812615540814,train
ins1979092700032,197909,ins,A,1.0,2.1051010399118155,0.8913979851497176,train
ins1979092900012,197909,ins,A,1.0,1.4964152790375629,0.8170392190083345,train
ins1979092900023,197909,ins,A,0.0,-0.7659471835368559,0.3173564632081199,train
ins1979100300023,197910,ins,A,0.0,-1.7017955095843205,0.15423090667456907,train
ins1979101000032,197910,ins,A,0.0,-1.7563482059219666,0.1472482913926278,train
ins1979101300033,197910,ins,A,1.0,0.2279556131127588,0.5567433991162128,train
ins1979101500022,197910,ins,A,0.0,-2.0471904832337873,0.11433657528785453,train
ins1979101900011,197910,ins,A,0.0,-2.1048702227308014,0.10862436173033878,train
ins1979102100023,197910,ins,A,1.0,0.673185989390484,0.6622161880374728,train
ins1979102300032,197910,ins,A,1.0,2.577358668901505,0.9293901305571004,train
ins1979102400032,197910,ins,A,0.0,-0.964529281531726,0.27597227431001314,train
ins1979102600023,197910,ins,A,1.0,1.5166613971924736,0.8200463281408137,train
ins1979102800033,197910,ins,A,0.0,-2.8451654581003902,0.054931759522701386,train
ins1979102900021,197910,ins,A,0.0,-1.1427249424828778,0.24182040963288573,train
ins1979102900022,197910,ins,A,0.0,-1.2890827694374205,0.2160081020738269,train
ins1979110400012,197911,ins,A,1.0,1.302315097101882,0.7862243522603268,train
ins1979110500012,197911,ins,A,0.0,-1.5183285498185928,0.1797077808223097,train
ins1979110600022,197911,ins,A,0.0,-1.3159984370608298,0.21148481967313393,train
ins1979111500023,197911,ins,A,0.0,-1.3936712102312914,0.19882231576243964,train
ins1979112000022,197911,ins,A,0.0,-1.243884998209702,0.22376046959495718,train
ins1979112300012,197911,ins,A,0.0,0.33546798325552385,0.5830892235651284,train
ins1979112500012,197911,ins,A,0.0,-1.1761052344074736,0.23575320794939708,train
ins1979112500033,197911,ins,A,1.0,2.3090914194291043,0.909627192712733,train
ins1979112500043,197911,ins,A,0.0,-1.031033892932657,0.26288371155948576,train
ins1979112600032,197911,ins,A,1.0,-1.859751266608427,0.1347320464877817,train
ins1979113000013,197911,ins,A,0.0,-0.4172051893274055,0.3971857168228871,train
ins1979113000042,197911,ins,A,1.0,1.2174889325946872,0.7716213463388552,train
ins1979120500043,197912,ins,A,0.0,-1.380330340820144,0.20095595080740666,train
ins1979120700022,197912,ins,A,0.0,-1.2972661692129215,0.21462547572914634,train
ins1979120700042,197912,ins,A,1.0,1.9108686586580925,0.8711167056820134,train
ins1979121000013,197912,ins,A,0.0,-0.3927203509718426,0.40306260347198225,train
ins1979121100042,197912,ins,A,0.0,-1.1408678692275198,0.2421610547975173,train
ins1979121500033,197912,ins,A,0.0,-1.7978273617836191,0.14211574456781215,train
ins1979121800042,197912,ins,A,0.0,-2.8016435572646388,0.05723542575409924,train
ins1979122000042,197912,ins,A,1.0,-0.2608842504053126,0.4351463522984579,train
ins1979122400022,197912,ins,A,0.0,-2.735207488745423,0.06092753230106018,train
ins1979122400042,197912,ins,A,1.0,0.41105497435765104,0.6013408149109507,train
ins1979122600033,197912,ins,A,0.0,0.022195694813058275,0.5055486959085717,train
ins1979122700022,197912,ins,A,1.0,1.6159502224299893,0.83423585846859,train
ins1979122900013,197912,ins,A,0.0,-0.8369930647360312,0.30216845699920825,train
ins1979122900023,197912,ins,A,0.0,-0.4313461148730207,0.3938049376191313,train
ins1979123100032,197912,ins,A,0.0,-0.8621841912471476,0.2968832075972906,train
ins1980010100033,198001,ins,A,1.0,-0.6712292663440673,0.3382216421674645,train
ins1980010700033,198001,ins,A,1.0,2.76341453991008,0.9406664968718771,train
ins1980011000013,198001,ins,A,0.0,-1.380458891231339,0.20093530991987893,train
ins1980011100032,198001,ins,A,0.0,-1.5092016499000702,0.18105713873307003,train
ins1980011500012,198001,ins,A,1.0,1.5674768745242387,0.8274236192472975,train
ins1980011500023,198001,ins,A,0.0,-1.0892989893819185,0.25175030624621886,train
ins1980011700022,198001,ins,A,0.0,-1.7888907590742775,0.14320877350650602,train
ins1980011800023,198001,ins,A,1.0,0.4749594227865179,0.6165569115256073,train
ins1980012100032,198001,ins,A,0.0,-1.8749691121807484,0.13296780113275122,train
ins1980012100042,198001,ins,A,0.0,-1.344247205460856,0.20681247480783307,train
ins1980012400012,198001,ins,A,1.0,0.7593603086832116,0.6812148337715064,train
ins1980012400033,198001,ins,A,1.0,0.5590737762113547,0.6362382028952223,train
ins1980012500043,198001,ins,A,0.0,-1.4171484204408107,0.1951090105733493,train
ins1980012700042,198001,ins,A,1.0,0.15557327756756184,0.5388150640592073,train
ins1980013000043,198001,ins,A,1.0,1.6018646777897798,0.8322788382486639,train
ins1980013100033,198001,ins,A,1.0,0.029515972836545196,0.507378457545414,train
ins1980020100033,198002,ins,A,0.0,-2.0215411460331922,0.11695972709809567,train
ins1980020200023,198002,ins,A,0.0,-1.133775407978919,0.24346503588964352,train
ins1980020300033,198002,ins,A,0.0,-1.9124358501036551,0.1287074442998927,train
ins1980020600012,198002,ins,A,1.0,2.5995404340222326,0.930831996914827,train
ins1980020900023,198002,ins,A,0.0,-1.0846406760699718,0.2526288168013831,train
ins1980020900032,198002,ins,A,1.0,1.4524398049537883,0.8103736383693495,train
ins1980021000022,198002,ins,A,1.0,2.39093378419726,0.9161333414673885,train
ins1980021400012,198002,ins,A,0.0,0.17879708861246163,0.54458057125955,train
ins1980022000012,198002,ins,A,0.0,-1.795109524776524,0.14244742256603424,train
ins1980022100033,198002,ins,A,0.0,-1.1175936205687818,0.24645791498922215,train
ins1980022700042,198002,ins,A,1.0,-0.8795129687657267,0.2932787139090518,train
ins1980030300043,198003,ins,A,0.0,-0.958555308056622,0.2771675394890306,train
ins1980030400032,198003,ins,A,1.0,1.5604113160455668,0.8264123662330155,train
ins1980030500022,198003,ins,A,0.0,-0.2924918282027468,0.42739393600608905,train
ins1980031100031,198003,ins,A,0.0,-1.8651358591720126,0.13410554805952907,train
ins1980031300022,198003,ins,A,1.0,0.06400010022427349,0.5159945659331304,train
ins1980031700023,198003,ins,A,1.0,0.9655522039467402,0.7242320705859233,train
ins1980032200032,198003,ins,A,0.0,-1.7965559695954596,0.14227082179463443,train
ins1980032300012,198003,ins,A,0.0,-1.0068826587543547,0.2675903624452988,train
ins1980032800042,198003,ins,A,1.0,-0.6989084324440048,0.3320542868262353,train
ins1980032900012,198003,ins,A,0.0,0.16225653631243925,0.5404753728038507,train
ins1980032900022,198003,ins,A,1.0,-0.9171533034188527,0.28553828324780195,train
ins1980033000012,198003,ins,A,0.0,-1.161314251053942,0.2384285609163353,train
ins1980040100032,198004,ins,A,1.0,0.3451860450035815,0.5854497226616086,train
ins1980040200032,198004,ins,A,1.0,1.2668661956087066,0.7802058203327263,train
ins1980040500023,198004,ins,A,1.0,-0.9415244699697956,0.2805925096327267,train
ins1980040500033,198004,ins,A,0.0,-0.8955373173681824,0.28996844265827365,train
ins1980040800032,198004,ins,A,0.0,-1.6120334464816164,0.16630648764790706,train
ins1980041200033,198004,ins,A,1.0,1.7241112774271312,0.8486576372383502,train
ins1980041400033,198004,ins,A,0.0,-1.848708119218743,0.1360246499733782,train
ins1980041500012,198004,ins,A,0.0,0.5807616194377123,0.6412426361223321,train
ins1980042000032,198004,ins,A,0.0,1.1968755570214156,0.767968496195863,train
ins1980042000033,198004,ins,A,0.0,-0.9320031102880724,0.2825185036229234,train
ins1980042600013,198004,ins,A,0.0,-1.8607556384825703,0.13461500044543975,train
ins1980042700022,198004,ins,A,0.0,-2.0724599674481983,0.11180252372281237,train
ins1980042900033,198004,ins,A,1.0,1.236954528555351,0.7750334610418067,train
ins1980050400033,198005,ins,A,0.0,-1.2793082856870677,0.2176679916604877,train
ins1980050700043,198005,ins,A,0.0,-1.7082494651341378,0.15339090605587974,train
ins1980050900032,198005,ins,A,1.0,1.0581952226338476,0.7423454989657429,train
ins1980051300022,198005,ins,A,0.0,-1.636110913114573,0.1629949461906384,train
ins1980051700023,198005,ins,A,0.0,-1.8255551889376125,0.13876862855667205,train
ins1980051700033,198005,ins,A,0.0,-1.9958849516015202,0.11963565318598482,train
ins1980051800022,198005,ins,A,1.0,-1.4676009514790227,0.18730753141577178,train
ins1980052800032,198005,ins,A,1.0,0.8224902848888951,0.6947647026260235,train
ins1980053000013,198005,ins,A,0.0,-0.43632790398101506,0.3926163032222751,train
ins1980053000033,198005,ins,A,0.0,-1.285354949520721,0.21664007148051115,train
ins1980053100032,198005,ins,A,0.0,-2.0713932101104833,0.11190849950324645,train
ins1980060100033,198006,ins,A,0.0,-0.7072496843847467,0.33020684396553857,train
ins1980060200022,198006,ins,A,1.0,-0.16297166188536838,0.4593470225098692,train
ins1980060400033,198006,ins,A,0.0,-1.9442544816170308,0.12518120108794717,train
ins1980060400042,198006,ins,A,0.0,-1.599398862117336,0.1680656489457642,train
ins1980060400043,198006,ins,A,0.0,-2.0378929502633154,0.1152814593712863,train
ins1980060500042,198006,ins,A,0.0,-1.6496560341802566,0.16115544295860307,train
ins1980061000023,198006,ins,A,1.0,2.6584782914565293,0.9345316265371106,train
ins1980061100043,198006,ins,A,0.0,-0.6159968364320344,0.35069245509590935,train
ins1980061600012,198006,ins,A,0.0,-1.4205411420370662,0.19457676360940304,train
ins1980061800031,198006,ins,A,0.0,-1.0216949201182635,0.2646973821531674,train
ins1980062400033,198006,ins,A,0.0,-1.2551623476541667,0.22180779112804308,train
ins1980062700012,198006,ins,A,0.0,-1.4911005301544153,0.18375660132445046,train
ins1980062800013,198006,ins,A,1.0,1.9094414013717116,0.8709563791998784,train
ins1980062900032,198006,ins,A,0.0,-2.2092157873095113,0.09892595560875714,train
ins1980063000013,198006,ins,A,1.0,1.1730575971573702,0.7636972460358763,train
ins1980070100041,198007,ins,A,1.0,0.08641247849840106,0.5215896869040708,train
ins1980070300022,198007,ins,A,0.0,-0.7354245094820451,0.32400548674373003,train
ins1980070300032,198007,ins,A,1.0,0.8024061339180628,0.6904889410938774,train
ins1980070400013,198007,ins,A,0.0,-1.352279935086381,0.20549788026944657,train
ins1980070400033,198007,ins,A,1.0,0.8673585388517059,0.7041957677799643,train
ins1980070500012,198007,ins,A,0.0,-1.826996471030101,0.13859646786362667,train
ins1980070500013,198007,ins,A,0.0,0.9816494193553366,0.7274353745677927,train
ins1980070500043,198007,ins,A,0.0,-1.4942746989626938,0.18328098521437727,train
ins1980071000013,198007,ins,A,0.0,-2.4399478482438566,0.08017675819955775,train
ins1980071100023,198007,ins,A,0.0,-1.2970145956959644,0.21466788435296658,train
ins1980071100032,198007,ins,A,1.0,-0.6224533856962167,0.34922367299834073,train
ins1980071100033,198007,ins,A,0.0,-2.0368195208987627,0.11539098541768297,train
ins1980071700032,198007,ins,A,1.0,-0.5107941747546962,0.3750073708909974,train
ins1980071900031,198007,ins,A,1.0,-0.6400132842287278,0.34524353648179823,train
ins1980072000012,198007,ins,A,1.0,0.7605480595834947,0.6814727116278821,train
ins1980072100012,198007,ins,A,0.0,-1.3668342751884248,0.2031317984366479,train
ins1980072300013,198007,ins,A,1.0,1.135284781683034,0.756812867710425,train
ins1980072400043,198007,ins,A,0.0,-1.5562037207118107,0.17419206345619992,train
ins1980072500032,198007,ins,A,0.0,-2.4190061384681583,0.0817348179794541,train
ins1980072900012,198007,ins,A,0.0,-0.4253434596389679,0.39523881686013096,train
ins1980080600012,198008,ins,A,0.0,-1.2052878814848227,0.2305358677776786,train
ins1980080800022,198008,ins,A,1.0,0.7768463728021737,0.6850000374079571,train
ins1980081700022,198008,ins,A,1.0,0.8487500343375186,0.7003048679317367,train
ins1980082200013,198008,ins,A,0.0,-1.159004860436947,0.23884815422485578,train
ins1980082300032,198008,ins,A,0.0,-1.1647324537023074,0.23780843743162017,train
ins1980082600022,198008,ins,A,0.0,-1.4846706389640114,0.1847229831509796,train
ins1980082700013,198008,ins,A,1.0,1.8167515469975375,0.8601758817004622,train
ins1980082700032,198008,ins,A,1.0,1.706014205182156,0.8463185933645623,train
ins1980082800013,198008,ins,A,0.0,-0.9578647014225502,0.2773059208447376,train
ins1980082900033,198008,ins,A,0.0,0.3621568960616604,0.5895624573156543,train
ins1980083000033,198008,ins,A,0.0,-0.811746559544135,0.3075184393772696,train
ins1980090100022,198009,ins,A,0.0,-1.610756297072495,0.1664836381496177,train
ins1980090300032,198009,ins,A,0.0,-1.4563610226899506,0.18902452836914066,train
ins1980090700023,198009,ins,A,0.0,0.2652217468620799,0.5659194768332391,train
ins1980091100022,198009,ins,A,0.0,-1.3601553261764816,0.20421505887039376,train
ins1980091500021,198009,ins,A,1.0,-0.18580748995829882,0.4536813113954713,train
ins1980091500032,198009,ins,A,1.0,2.5639081868614957,0.9285023405157997,train
ins1980091600032,198009,ins,A,0.0,-1.43793789244777,0.19186488085830886,train
ins1980092200042,198009,ins,A,0.0,-1.6047652693033188,0.16731665608617396,train
ins1980092700033,198009,ins,A,0.0,-1.1448932309169715,0.24142309105565163,train
ins1980092900013,198009,ins,A,1.0,1.8913217595438214,0.8689061632957427,train
ins1980092900032,198009,ins,A,0.0,-1.6606704889783703,0.159672012307477,train
ins1980100200033,198010,ins,A,1.0,0.36622496963509554,0.5905464840423816,train
ins1980100300012,198010,ins,A,0.0,-1.8764908384049381,0.1327924632900903,train
ins1980100400031,198010,ins,A,1.0,0.15188704991329122,0.5378989308061072,train
ins1980100500013,198010,ins,A,0.0,-0.8269624751877483,0.30428772162938933,train
ins1980100500022,198010,ins,A,0.0,-2.350087101751158,0.08705884937839298,train
ins1980100600023,198010,ins,A,0.0,-1.7411648711727232,0.14916503468073036,train
ins1980101400012,198010,ins,A,0.0,-1.253173799746289,0.22215122245516994,train
ins1980101400033,198010,ins,A,1.0,0.4986039621004912,0.6221312010699599,train
ins1980102000011,198010,ins,A,0.0,-1.1618165137400487,0.23833737184791481,train
ins1980102700032,198010,ins,A,0.0,-2.5408949060890396,0.07304056008024384,train
ins1980102800032,198010,ins,A,1.0,-0.3035671035640863,0.42468570749277856,train
ins1980102900012,198010,ins,A,1.0,3.0312954073205116,0.9539680916122479,train
ins1980110100023,198011,ins,A,0.0,-1.9215047795920956,0.1276938577993507,train
ins1980110200023,198011,ins,A,1.0,1.9698387885601794,0.8775937964267086,train
ins1980110300023,198011,ins,A,0.0,-0.09306054658290969,0.4767516390142806,train
ins1980110300031,198011,ins,A,0.0,-0.552038965614631,0.365391482890453,train
ins1980110400013,198011,ins,A,0.0,-0.8743631022203919,0.29434724292485076,train
ins1980110600023,198011,ins,A,0.0,-1.6556298098023448,0.16034951562729757,train
ins1980110600043,198011,ins,A,1.0,-0.4977765054321217,0.3780633403773394,train
ins1980111000023,198011,ins,A,1.0,1.0539937371775254,0.7415410685795627,train
ins1980111100042,198011,ins,A,1.0,1.523008036623465,0.820981002264401,train
ins1980111500022,198011,ins,A,1.0,-0.8015110818830501,0.3097023766303277,train
ins1980111500023,198011,ins,A,0.0,-1.7330324651754037,0.15020010507008918,train
ins1980111600022,198011,ins,A,1.0,-0.3200316658487631,0.4206680306606361,train
ins1980111600033,198011,ins,A,0.0,0.24202185992702102,0.5602118445446101,train
ins1980112200043,198011,ins,A,1.0,-0.7315170743698213,0.3248619042158244,train
ins1980112300013,198011,ins,A,0.0,-1.5734843256212332,0.1717202407273821,train
ins1980112400013,198011,ins,A,1.0,-1.3861607885714347,0.20002137246415352,train
ins1980112600011,198011,ins,A,1.0,-0.3077961120387355,0.42365277387013484,train
ins1980112600032,198011,ins,A,0.0,-0.703398311352682,0.331059209573084,train
ins1980113000012,198011,ins,A,0.0,-0.3701731198482985,0.4084991903709181,train
ins1980120100012,198012,ins,A,0.0,-1.2122858817125204,0.22929684044809615,train
ins1980120100013,198012,ins,A,1.0,2.590516402754079,0.9302487318929655,train
ins1980120400022,198012,ins,A,0.0,-1.2357471745716233,0.22517711898832932,train
ins1980120500033,198012,ins,A,0.0,-1.8944550324673137,0.13073734344809226,train
ins1980121200023,198012,ins,A,0.0,-1.450059248861178,0.18999244772553014,train
ins1980121200033,198012,ins,A,0.0,-1.3398318402169984,0.20753771373458588,train
ins1980121600033,198012,ins,A,0.0,-1.9291792393049167,0.12684145374733063,train
ins1980121700042,198012,ins,A,1.0,-2.398235708143752,0.08330733154411563,train
ins1980122300033,198012,ins,A,0.0,0.26471384029720935,0.5657947030628826,train
ins1980122400032,198012,ins,A,1.0,1.3609777273176622,0.7959185580719887,train
ins1980122600013,198012,ins,A,0.0,-1.0739958975887782,0.2546439179498682,train
ins1980122600032,198012,ins,A,0.0,-1.1863985730293858,0.23390366678376634,train
ins1980122700012,198012,ins,A,1.0,0.7177725383628779,0.6721163263735217,train
ins1980122700023,198012,ins,A,0.0,-0.8772988825970025,0.2937378293279862,train
ins1980122800043,198012,ins,A,1.0,0.6328149093981474,0.653127460074433,train
ins1980123100023,198012,ins,A,1.0,1.701325200377436,0.845707734459354,train
ins1981010600023,198101,ins,A,0.0,-1.5406771885464585,0.17643685305578496,train
ins1981010700012,198101,ins,A,1.0,1.0155706295395044,0.7341089143010906,train
ins1981010700013,198101,ins,A,0.0,-1.8242753799645208,0.1389216516767251,train
ins1981010700032,198101,ins,A,0.0,-0.7694277212367695,0.31660291465203333,train
ins1981010800033,198101,ins,A,0.0,-2.133818795571856,0.1058530053421468,train
ins1981011400033,198101,ins,A,1.0,1.601495806247023,0.8322273408732751,train
ins1981011500043,198101,ins,A,0.0,-1.9277849821490998,0.1269959518480225,train
ins1981011600023,198101,ins,A,0.0,0.15775892864328556,0.5393581376176427,train
ins1981011600033,198101,ins,A,0.0,-1.3008725569372017,0.21401820367936697,train
ins1981011900021,198101,ins,A,0.0,-6.0573722096557425e-05,0.49998485656948044,train
ins1981012000021,198101,ins,A,1.0,0.07103067416476683,0.5177502061585857,train
ins1981012100043,198101,ins,A,0.0,-1.3544065975956303,0.2051508807273104,train
ins1981012500032,198101,ins,A,1.0,1.276668877919566,0.7818822122660255,train
ins1981012700013,198101,ins,A,1.0,-1.620470806939213,0.16513995039404797,train
ins1981012800033,198101,ins,A,0.0,-1.083437525341804,0.25285604828206915,train
ins1981013000043,198101,ins,A,0.0,-1.1603097187610332,0.2386110121990714,train
ins1981020200012,198102,ins,A,0.0,-1.7004255046653693,0.15440969989927733,train
ins1981020400041,198102,ins,A,1.0,-0.5849870731252178,0.3577858773116074,train
ins1981020400043,198102,ins,A,1.0,0.8998232126613482,0.7109131714177643,train
ins1981021200022,198102,ins,A,0.0,-1.276881499866675,0.21808152884619716,train
ins1981022300012,198102,ins,A,1.0,1.0106005831285276,0.7331376678740517,train
ins1981022400033,198102,ins,A,1.0,1.0049424511342828,0.7320292130662093,train
ins1981022600012,198102,ins,A,1.0,1.0614914417497086,0.7429754585790826,train
ins1981030200023,198103,ins,A,0.0,-1.1279254756460884,0.24454415018989434,train
ins1981030400022,198103,ins,A,0.0,-1.7652537364429444,0.14613356668973831,train
ins1981030500013,198103,ins,A,1.0,-0.4656504991024326,0.3856462274247761,train
ins1981030600033,198103,ins,A,1.0,0.19485694422192457,0.548560682230311,train
ins1981030700022,198103,ins,A,1.0,-0.8082342195094646,0.3082669004046265,train
ins1981030700033,198103,ins,A,0.0,-1.5715451143367074,0.17199623501433728,train
ins1981031000012,198103,ins,A,0.0,-1.8354754906289479,0.1375872775779045,train
ins1981031100013,198103,ins,A,0.0,-1.274034754148921,0.21856735111875478,train
ins1981031300033,198103,ins,A,1.0,1.300919793619069,0.7859897421039667,train
ins1981031400022,198103,ins,A,0.0,-1.5350918418360482,0.17724990966778442,train
ins1981032400012,198103,ins,A,0.0,-1.4779696544446377,0.18573428688091914,train
ins1981032900022,198103,ins,A,0.0,-0.8819393186375639,0.2927760656886164,train
ins1981040400022,198104,ins,A,0.0,-1.2721172095440947,0.21889503616105144,train
ins1981040500023,198104,ins,A,1.0,0.9820199033239547,0.7275088254015291,train
ins1981040600041,198104,ins,A,1.0,-0.07515840085813524,0.4812192396600422,train
ins1981041000023,198104,ins,A,1.0,2.774164370496504,0.9412636430946763,train
ins1981041400022,198104,ins,A,0.0,0.8131790384643822,0.6927865240862772,train
ins1981041500042,198104,ins,A,0.0,-1.713889093618738,0.15265996260115247,train
ins1981041800023,198104,ins,A,0.0,0.4090921717738577,0.6008701787064336,train
ins1981041900033,198104,ins,A,0.0,-1.4094516966534814,0.19632055260159384,train
ins1981042300023,198104,ins,A,0.0,-1.0518191580451635,0.2588759255787647,train
ins1981042600042,198104,ins,A,1.0,2.066924345101117,0.8876465915269229,train
ins1981042800033,198104,ins,A,1.0,2.6169405344303796,0.9319439177423696,train
ins1981042900043,198104,ins,A,0.0,-1.7713564944523807,0.14537371671116894,train
ins1981050100022,198105,ins,A,0.0,-1.1352725072127168,0.24318939137798784,train
ins1981050300033,198105,ins,A,1.0,0.9392970133385782,0.7189576355176586,train
ins1981050600013,198105,ins,A,0.0,-1.2392904827940323,0.22455951161648466,train
ins1981050600022,198105,ins,A,0.0,-1.7305641286843034,0.1505154357264268,train
ins1981050900011,198105,ins,A,0.0,0.09515714070469344,0.5237713506524547,train
ins1981051300023,198105,ins,A,1.0,0.042796677606278366,0.5106975366902937,train
ins1981051300033,198105,ins,A,1.0,-0.3238616370908337,0.4197349266632872,train
ins1981051600013,198105,ins,A,1.0,-0.623032549531108,0.34909205995779435,train
ins1981051800012,198105,ins,A,0.0,-1.4980644550224302,0.18271438093701314,train
ins1981052200012,198105,ins,A,1.0,1.6536506249664298,0.8393838326138764,train
ins1981052200013,198105,ins,A,0.0,-0.9853169682560294,0.2718380558256231,train
ins1981052200022,198105,ins,A,0.0,-1.114548239960799,0.24702392874622484,train
ins1981052800013,198105,ins,A,1.0,0.4459709458754164,0.6096808643137582,train
ins1981052800023,198105,ins,A,1.0,2.3580957701973433,0.9135755749341492,train
ins1981052800033,198105,ins,A,0.0,1.313165248234827,0.7880423344212655,train
ins1981060200013,198106,ins,A,0.0,-1.3964620066766174,0.1983781378392572,train
ins1981060300012,198106,ins,A,1.0,-0.33131447993011687,0.4179208243576885,train
ins1981060400012,198106,ins,A,0.0,0.0625891296472193,0.5156421763578057,train
ins1981060400013,198106,ins,A,1.0,-0.7350655558069623,0.3240841118729199,train
ins1981060400021,198106,ins,A,0.0,-1.2595451906306112,0.22105219505594423,train
ins1981060600041,198106,ins,A,0.0,-1.844664914856723,0.13650051485952513,train
ins1981060800032,198106,ins,A,0.0,-0.2178089632605814,0.44576201403814625,train
ins1981060800033,198106,ins,A,1.0,1.1960216786331013,0.7678163063286723,train
ins1981061000032,198106,ins,A,0.0,-0.9452948686974306,0.27983204561155445,train
ins1981061700012,198106,ins,A,0.0,0.08415536093627518,0.5210264323804211,train
ins1981061800032,198106,ins,A,0.0,-1.796340801886871,0.14229708069571656,train
ins1981062100042,198106,ins,A,1.0,-0.7149641482420441,0.3285028742199339,train
ins1981062400012,198106,ins,A,0.0,-0.7901924286246986,0.3121273527534871,train
ins1981062600012,198106,ins,A,0.0,-1.8444911390420984,0.1365209987827091,train
ins1981062600032,198106,ins,A,0.0,-2.133708799774633,0.10586341669185649,train
ins1981063000022,198106,ins,A,0.0,-1.9205601828974503,0.12779911167265876,train
ins1981070500013,198107,ins,A,0.0,-1.767137996467138,0.14589860819533032,train
ins1981070600012,198107,ins,A,0.0,-0.12770366018294982,0.46811740222953746,train
ins1981070600023,198107,ins,A,0.0,-2.0721521900430604,0.11183309050794576,train
ins1981070800013,198107,ins,A,0.0,-0.9533823435309172,0.27820511436316087,train
ins1981071200033,198107,ins,A,1.0,0.5443991569015205,0.6328351790392638,train
ins1981071500013,198107,ins,A,0.0,-1.5944798183019873,0.1687545510684545,train
ins1981071700012,198107,ins,A,1.0,-0.15051407132716133,0.46244235949675583,train
ins1981071800043,198107,ins,A,0.0,-1.5352279041573582,0.17723006824709886,train
ins1981071900033,198107,ins,A,0.0,-2.0493285689584444,0.11412024323343997,train
ins1981072000042,198107,ins,A,0.0,-0.6647012805419341,0.3396843261530199,train
ins1981072100012,198107,ins,A,0.0,-0.6341787882707962,0.34656361503118377,train
ins1981072300012,198107,ins,A,1.0,-0.9073942477623648,0.2875333505648935,train
ins1981072300022,198107,ins,A,1.0,0.7774088655655672,0.6851213966442076,train
ins1981072500023,198107,ins,A,0.0,-0.853917548967823,0.2986117084791815,train
ins1981072600022,198107,ins,A,1.0,1.92985731166148,0.8732336255964291,train
ins1981072700033,198107,ins,A,0.0,-1.9523024702285718,0.124302514204173,train
ins1981072900012,198107,ins,A,1.0,0.5656957783765112,0.6377694064605366,train
ins1981073000023,198107,ins,A,0.0,-1.3179021080545,0.21116753977755126,train
ins1981080800033,198108,ins,A,0.0,-0.9582296275942787,0.27723279290246333,train
ins1981081000033,198108,ins,A,0.0,-0.08581169568894931,0.4785602307046939,train
ins1981081200012,198108,ins,A,0.0,-0.7470273649323518,0.32146936782870267,train
ins1981081200023,198108,ins,A,0.0,-2.1036711025192005,0.10874052117691071,train
ins1981081300012,198108,ins,A,1.0,-0.582829579866565,0.35828176759398267,train
ins1981081300032,198108,ins,A,0.0,-0.9681230114138523,0.27525478389115693,train
ins1981081500032,198108,ins,A,1.0,-0.9150941220531646,0.28595855440555135,train
ins1981081500042,198108,ins,A,1.0,-0.851311988702909,0.29915771039641137,train
ins1981081600023,198108,ins,A,0.0,-1.4935235872873125,0.18339344516724415,train
ins1981082000032,198108,ins,A,0.0,-1.5474666724312574,0.1754524605893806,train
ins1981082100033,198108,ins,A,1.0,0.4800946971113291,0.6177702358637573,train
ins1981082300023,198108,ins,A,0.0,-1.9116609624491208,0.12879436662985472,train
ins1981082400033,198108,ins,A,0.0,-2.0626876586898657,0.11277662815391429,train
ins1981082600023,198108,ins,A,1.0,-1.4530405488561924,0.18953406360595096,train
ins1981082700033,198108,ins,A,1.0,2.1708196022203534,0.8975983253156847,train
ins1981082900033,198108,ins,A,1.0,0.5288337913296086,0.6292110712615954,train
ins1981083000012,198108,ins,A,1.0,1.2756879523330211,0.7817148765884047,train
ins1981083100032,198108,ins,A,0.0,-1.7366931483266494,0.14973345342163039,train
ins1981090200013,198109,ins,A,0.0,-0.2696866102381536,0.4329840333812827,train
ins1981090800012,198109,ins,A,0.0,-1.998217905236796,0.11939015755239851,train
ins1981091200013,198109,ins,A,0.0,-1.843901805267556,0.13659048610819097,train
ins1981091300032,198109,ins,A,0.0,-2.1720848943888384,0.1022854331253583,train
ins1981091600022,198109,ins,A,0.0,-1.46005757083793,0.18845852006219624,train
ins1981091700032,198109,ins,A,0.0,-1.6048465766402842,0.16730532850864235,train
ins1981092900023,198109,ins,A,0.0,-2.283749060437247,0.0924778295836887,train
ins1981100600032,198110,ins,A,1.0,1.5179094193933216,0.8202304256540791,train
ins1981100700023,198110,ins,A,0.0,-1.5714939279793851,0.1720035247665677,train
ins1981100800013,198110,ins,A,0.0,-2.199471376400163,0.09979796973779585,train
ins1981100800042,198110,ins,A,0.0,-1.7279921693023685,0.15084458351652225,train
ins1981100900032,198110,ins,A,0.0,-2.001377283576857,0.11905839190518165,train
ins1981101000032,198110,ins,A,0.0,-1.7331688244360763,0.1501827009996622,train
ins1981101100022,198110,ins,A,1.0,-0.2736661640274656,0.4320072794494154,train
ins1981101300012,198110,ins,A,0.0,-2.5460330466454053,0.07269344126776449,train
ins1981101500012,198110,ins,A,1.0,1.4371247553287267,0.808009008405731,train
ins1981102000012,198110,ins,A,1.0,-1.5603007762946186,0.17360349181549448,train
ins1981102000023,198110,ins,A,0.0,-1.5841232789009685,0.17021231759722752,train
ins1981102300022,198110,ins,A,0.0,-2.6098452520775686,0.0685074781803944,train
ins1981102400013,198110,ins,A,1.0,0.2533300841466466,0.5629959776602678,train
ins1981102500032,198110,ins,A,1.0,1.2008396975072202,0.768674127334615,train
ins1981110100023,198111,ins,A,0.0,-0.12032438786526278,0.46995514330507066,train
ins1981110700012,198111,ins,A,0.0,-2.403152483990595,0.08293261950014469,train
ins1981110900031,198111,ins,A,1.0,0.8473530889715739,0.7000115978746079,train
ins1981111600042,198111,ins,A,1.0,0.6245413796435735,0.6512507085592819,train
ins1981112500021,198111,ins,A,1.0,-0.05257423438282616,0.48685946802228436,train
ins1981112500032,198111,ins,A,1.0,1.2291819113708076,0.7736753575518901,train
ins1981112800022,198111,ins,A,0.0,-2.1286779348563254,0.10634056512738042,train
ins1981120100043,198112,ins,A,0.0,-2.5017949613786827,0.07573244231770271,train
ins1981120300022,198112,ins,A,0.0,0.5772432466123303,0.6404328310396424,train
ins1981120300043,198112,ins,A,1.0,1.7655740780427827,0.8539064005388013,train
ins1981120600033,198112,ins,A,0.0,-1.3774718215374588,0.20141534322916957,train
ins1981120800013,198112,ins,A,1.0,-0.033706221425118144,0.49157424234379604,train
ins1981120900043,198112,ins,A,0.0,-1.9202033988613691,0.12783888642144206,train
ins1981121200022,198112,ins,A,1.0,1.772384170061018,0.854753915385588,train
ins1981121200033,198112,ins,A,0.0,-1.9127628123373213,0.12867078260503273,train
ins1981121200041,198112,ins,A,0.0,-1.5004972479563665,0.18235137274882807,train
ins1981121300031,198112,ins,A,0.0,-0.9926888036431235,0.2703813158408807,train
ins1981121400032,198112,ins,A,0.0,0.26487494222345076,0.5658342807237999,train
ins1981121600032,198112,ins,A,0.0,-1.5519598507818106,0.17480338505027132,train
ins1981122600043,198112,ins,A,1.0,-0.6114628563753546,0.3517255728650028,train
ins1981122700052,198112,ins,A,0.0,-1.4298327031838591,0.19312475235323723,train
ins1981122900013,198112,ins,A,1.0,2.0246890748024984,0.883364999637002,train
ins1981122900023,198112,ins,A,0.0,-2.4394714388309455,0.08021189968115398,train
ins1981122900033,198112,ins,A,1.0,-0.9140986284458665,0.28616186382539816,train
ins1981123100043,198112,ins,A,0.0,-0.6027778788763051,0.35370841631707856,train
ins1982010200032,198201,ins,A,0.0,-1.0392884256854535,0.26128731599316757,train
ins1982010600023,198201,ins,A,1.0,1.338495651387318,0.7922424430070379,train
ins1982010700022,198201,ins,A,1.0,1.4573975763109326,0.8111343181297973,train
ins1982010900012,198201,ins,A,1.0,0.6401449338324632,0.6547862223623184,train
ins1982011200011,198201,ins,A,1.0,0.7590603682548778,0.6811496948129014,train
ins1982011300031,198201,ins,A,1.0,-0.2767759252755863,0.4312443775185371,train
ins1982011500022,198201,ins,A,0.0,-2.3202335330627117,0.08946103442999759,train
ins1982011600022,198201,ins,A,0.0,-1.4162732192834486,0.1952464901387976,train
ins1982011800023,198201,ins,A,0.0,-0.673587740339513,0.3376939517940091,train
ins1982012100033,198201,ins,A,0.0,-1.2619915262400618,0.22063125258233704,train
ins1982012200012,198201,ins,A,0.0,-1.9914871282373854,0.12009962034136809,train
ins1982012300023,198201,ins,A,1.0,-0.4191471482490362,0.3967208480691501,train
ins1982012600023,198201,ins,A,0.0,-1.0871937910876215,0.2521470740580434,train
ins1982012700023,198201,ins,A,0.0,-2.1758541295779286,0.10193984864569906,train
ins1982012700043,198201,ins,A,0.0,-1.4052380617964495,0.1969862256309534,train
ins1982020300012,198202,ins,A,1.0,1.483018131744699,0.8150280189257714,train
ins1982020300013,198202,ins,A,1.0,1.3565541809729529,0.7951990910605764,train
ins1982020400013,198202,ins,A,1.0,-0.5789593204330304,0.3591720891576312,train
ins1982020400023,198202,ins,A,0.0,-1.0783291005741196,0.25382234907953055,train
ins1982020400033,198202,ins,A,0.0,-1.5357127073513028,0.1771593855150735,train
ins1982020400043,198202,ins,A,0.0,-1.694661284347721,0.15516381900054851,train
ins1982020600012,198202,ins,A,0.0,-2.244731937045186,0.09580484687653626,train
ins1982020600022,198202,ins,A,0.0,-1.2839340829880501,0.21688129977353401,train
ins1982020800022,198202,ins,A,1.0,-0.527769414667662,0.3710372867353766,train
ins1982021000042,198202,ins,A,1.0,0.44576203165395356,0.609631147834896,train
ins1982022200022,198202,ins,A,0.0,-2.784278807622462,0.05817965549468788,train
ins1982022300043,198202,ins,A,1.0,1.694727111285474,0.8448448099257367,train
ins1982022400043,198202,ins,A,0.0,-0.8650238590893472,0.2962907872949225,train
ins1982022500042,198202,ins,A,1.0,-0.518275938584873,0.3732554652005194,train
ins1982022600042,198202,ins,A,0.0,-1.7306093092917325,0.1505096590008085,train
ins1982030200013,198203,ins,A,0.0,-1.8883188767752885,0.13143626888627835,train
ins1982030500013,198203,ins,A,0.0,-2.685786226266514,0.0638173065720956,train
ins1982030800032,198203,ins,A,1.0,-1.2163218578456996,0.2285843829190661,train
ins1982031300033,198203,ins,A,0.0,-2.151848921246467,0.10415857477116658,train
ins1982031500042,198203,ins,A,1.0,3.5331511161799507,0.9716164428396329,train
ins1982031600013,198203,ins,A,0.0,-1.9953719510375902,0.1196896944694788,train
ins1982031600022,198203,ins,A,0.0,-2.0420810125117463,0.114854999761121,train
ins1982032000012,198203,ins,A,1.0,1.6050805313558523,0.8327272621815311,train
ins1982032200022,198203,ins,A,0.0,-1.3972192788044187,0.19825774071101232,train
ins1982032300033,198203,ins,A,1.0,1.439140274121276,0.8083214826553432,train
ins1982032800032,198203,ins,A,0.0,-1.3440245583827983,0.20684900045802582,train
ins1982032900012,198203,ins,A,0.0,1.2268662376540855,0.7732696219682518,train
ins1982033000012,198203,ins,A,0.0,-0.3278931647756922,0.41875333674963416,train
ins1982033000032,198203,ins,A,0.0,-2.816517956513639,0.05643807606691385,train
ins1982033100032,198203,ins,A,0.0,-1.3441941365299046,0.20682118042776923,train
ins1982040600013,198204,ins,A,0.0,-0.9322714571913441,0.2824641123975704,train
ins1982040700033,198204,ins,A,0.0,-0.5561257155806393,0.3644443674095534,train
ins1982041100012,198204,ins,A,0.0,-1.405506918703677,0.19694370059687158,train
ins1982041200013,198204,ins,A,1.0,-0.6948268820535783,0.3329601708894039,train
ins1982041500033,198204,ins,A,1.0,0.6177358474824661,0.649703427450668,train
ins1982041500042,198204,ins,A,0.0,-1.9839274939855054,0.12090078705589585,train
ins1982041800022,198204,ins,A,0.0,-0.57159922981152,0.36086789286805226,train
ins1982041900012,198204,ins,A,0.0,-1.9144099621377144,0.12848622596674492,train
ins1982041900033,198204,ins,A,1.0,1.2047277168419046,0.7693647501322967,train
ins1982042100012,198204,ins,A,0.0,-1.9342704106513753,0.12627866319087508,train
ins1982042300023,198204,ins,A,0.0,-0.06480036526318206,0.4838055751046971,train
ins1982042600022,198204,ins,A,1.0,-1.7829758816499748,0.1439360618205683,train
ins1982042600033,198204,ins,A,0.0,-2.652430164978198,0.06583938546962219,train
ins1982042600043,198204,ins,A,1.0,-0.6851703352859272,0.33510831599828433,train
ins1982042800032,198204,ins,A,1.0,1.78139135284234,0.8558685847847736,train
ins1982050500033,198205,ins,A,0.0,-1.261384124614444,0.22073571489950658,train
ins1982050700012,198205,ins,A,1.0,-0.054025251488014764,0.48649697127368297,train
ins1982050900012,198205,ins,A,0.0,-0.9069981994256961,0.2876144910311739,train
ins1982051300012,198205,ins,A,0.0,-1.0756344425776625,0.2543330465152848,train
ins1982051500012,198205,ins,A,0.0,-1.4739744522364961,0.18633926830599584,train
ins1982051700013,198205,ins,A,0.0,-2.7924690220236146,0.05773249506819517,train
ins1982052000033,198205,ins,A,0.0,-2.2303316256712824,0.09705957375616237,train
ins1982052400023,198205,ins,A,0.0,-2.552197913157441,0.07227896629368223,train
ins1982052800013,198205,ins,A,0.0,-2.413905125494028,0.0821184883768148,train
ins1982052900021,198205,ins,A,1.0,0.05696955156947281,0.5142385371342706,train
ins1982053000012,198205,ins,A,1.0,-0.937958685917035,0.28131286287305124,train
ins1982053000023,198205,ins,A,0.0,-1.432409536905753,0.19272352808087612,train
ins1982060300041,198206,ins,A,1.0,0.8598761006864906,0.7026347675773155,train
ins1982060500043,198206,ins,A,0.0,-1.241222611021159,0.22422324428728257,train
ins1982060600013,198206,ins,A,0.0,-2.108649738958482,0.10825895061169465,train
ins1982060600033,198206,ins,A,0.0,-1.2640730953584547,0.2202735284682,train
ins1982060800043,198206,ins,A,0.0,-1.1804072657788287,0.2349789766670625,train
ins1982061700023,198206,ins,A,0.0,-0.7093576690764943,0.32974078737644696,train
ins1982062200013,198206,ins,A,1.0,2.2288814911156676,0.9028132636016979,train
ins1982062200043,198206,ins,A,0.0,-0.8666425633773192,0.2959533946396082,train
ins1982062400033,198206,ins,A,0.0,-1.4346487132351595,0.19237539408588014,train
ins1982062600022,198206,ins,A,0.0,-2.2558964192910436,0.09484206401463235,train
ins1982062900033,198206,ins,A,0.0,-1.6863048330349706,0.15626240887047035,train
ins1982070100022,198207,ins,A,0.0,1.3810261505401886,0.7991557539600742,train
ins1982070100032,198207,ins,A,0.0,-1.2825954850444168,0.21710873849831724,train
ins1982070300012,198207,ins,A,0.0,-1.0298782618641704,0.26310770632415825,train
ins1982070400013,198207,ins,A,0.0,-2.409554067746508,0.08244704641294856,train
ins1982070700033,198207,ins,A,0.0,-2.9590574784122117,0.04931017148643052,train
ins1982070800011,198207,ins,A,1.0,-0.456440091719381,0.38783067206319616,train
ins1982070800022,198207,ins,A,1.0,-1.827936499381682,0.13848427836341257,train
ins1982071200043,198207,ins,A,1.0,3.2831730682936175,0.9638470150773469,train
ins1982071500012,198207,ins,A,1.0,1.3985199232152503,0.8019489176766167,train
ins1982071600012,198207,ins,A,1.0,2.0055588657510293,0.8813794888768098,train
ins1982071600023,198207,ins,A,1.0,-0.5185899388343884,0.3731820122176305,train
ins1982071600043,198207,ins,A,0.0,-2.980569412174641,0.04831144186766499,train
ins1982072000022,198207,ins,A,0.0,-1.527836814881293,0.17831040607466092,train
ins1982072700033,198207,ins,A,0.0,-0.17675580516340827,0.4559257385993796,train
ins1982080500012,198208,ins,A,1.0,1.01403656648549,0.7338093683869411,train
ins1982080900022,198208,ins,A,1.0,1.0975697970481626,0.7498044818824674,train
ins1982081300012,198208,ins,A,0.0,-2.483256840772275,0.07704030492347669,train
ins1982081400023,198208,ins,A,0.0,-1.6949127707942968,0.15513085500202434,train
ins1982081500013,198208,ins,A,1.0,0.9938829112540055,0.7298541874478934,train
ins1982081700012,198208,ins,A,1.0,1.8933160249661207,0.8691331594898322,train
ins1982082000042,198208,ins,A,0.0,-0.09078859556826308,0.4773184285030997,train
ins1982082400023,198208,ins,A,0.0,-2.127342094394694,0.10646757982505174,train
ins1982082400032,198208,ins,A,0.0,-2.127880026317908,0.10641641599160305,train
ins1982082400033,198208,ins,A,0.0,-1.7904990499425992,0.1430115493981282,train
ins1982082500012,198208,ins,A,0.0,-1.9027810688376487,0.12979403593445246,train
ins1982082900021,198208,ins,A,0.0,-0.6040905265331463,0.35340840432811393,train
ins1982090200022,198209,ins,A,0.0,-1.774579456032801,0.1449737528061192,train
ins1982090300013,198209,ins,A,0.0,-4.0958818984244365,0.0163686719625026,train
ins1982090700012,198209,ins,A,1.0,-1.308693445956271,0.21270556002180763,train
ins1982090800032,198209,ins,A,0.0,-2.2600845015920754,0.09448313907782674,train
ins1982091800013,198209,ins,A,0.0,-2.4617429947055425,0.07858403664977667,train
ins1982091900022,198209,ins,A,0.0,-1.501680164192788,0.18217506697509597,train
ins1982092000013,198209,ins,A,0.0,-2.005815118043463,0.11859372264478443,train
ins1982092200012,198209,ins,A,0.0,-1.2397062614435954,0.2244871193168302,train
ins1982092500023,198209,ins,A,0.0,-1.1384602151164092,0.2426031795126406,train
ins1982092700012,198209,ins,A,0.0,-0.15076108750786243,0.4623809544567535,train
ins1982092800013,198209,ins,A,0.0,-1.4825829837363977,0.18503759182677634,train
ins1982092800032,198209,ins,A,1.0,1.5404499687450361,0.8235301279141221,train
ins1982092900012,198209,ins,A,0.0,-3.9302628818759753,0.019260266347141324,train
ins1982093000041,198209,ins,A,0.0,-0.9179443875372394,0.2853769245891248,train
ins1982100500041,198210,ins,A,1.0,-0.4676807808059399,0.3851653183748661,train
ins1982100700032,198210,ins,A,1.0,0.002892896914993892,0.5007232237243692,train
ins1982100800033,198210,ins,A,0.0,-1.4189411591497942,0.19482763010013057,train
ins1982101200022,198210,ins,A,1.0,4.188688452114367,0.9850604132243035,train
ins1982102000013,198210,ins,A,0.0,-0.6144526255875624,0.35104416413255224,train
ins1982102300023,198210,ins,A,0.0,-0.8863124770396817,0.29187138848321165,train
ins1982102500013,198210,ins,A,0.0,-2.0808244943296534,0.11097459663635863,train
ins1982102700023,198210,ins,A,0.0,-1.6964165692276263,0.15493386145075527,train
ins1982103000042,198210,ins,A,1.0,1.4852982131462484,0.8153715110738542,train
ins1982103100033,198210,ins,A,1.0,3.725250231009242,0.976460403306336,train
ins1982110300023,198211,ins,A,0.0,-1.9570130329868114,0.12379066963870791,train
ins1982110400042,198211,ins,A,1.0,0.7275239797221059,0.6742616919799685,train
ins1982110500013,198211,ins,A,0.0,-1.500149112931712,0.1824032851947724,train
ins1982111100013,198211,ins,A,0.0,-2.1626247369560274,0.10315736843130674,train
ins1982111400022,198211,ins,A,1.0,2.0074550490967598,0.8815775909292746,train
ins1982111600012,198211,ins,A,1.0,2.1414290749944622,0.8948651359202228,train
ins1982111900042,198211,ins,A,0.0,-1.9186082010485528,0.12801685037936755,train
ins1982112000042,198211,ins,A,1.0,-1.26740700135195,0.21970145381123118,train
ins1982112100012,198211,ins,A,0.0,-1.6887186804894407,0.15594442043490997,train
ins1982112300023,198211,ins,A,0.0,-2.322978831497673,0.08923766046949017,train
ins1982112300043,198211,ins,A,1.0,-0.12081237706866149,0.46983358829345995,train
ins1982112400022,198211,ins,A,0.0,-1.9297801415782572,0.1267749171201385,train
ins1982112600042,198211,ins,A,0.0,-1.1575353983795535,0.23911540451575142,train
ins1982112800042,198211,ins,A,0.0,-0.7963027820876074,0.31081694461174914,train
ins1982120100042,198212,ins,A,1.0,-1.5242925949640194,0.17883028249651303,train
ins1982120600043,198212,ins,A,0.0,-2.193763181068607,0.1003119572757149,train
ins1982120900042,198212,ins,A,1.0,-1.8023969039177836,0.14155954176503807,train
ins1982121300043,198212,ins,A,1.0,2.3984313235577868,0.9167076058436375,train
ins1982121600033,198212,ins,A,0.0,-2.1286795456062073,0.1063404120542931,train
ins1982121700043,198212,ins,A,1.0,-1.170794331306486,0.236711435168388,train
ins1982121800042,198212,ins,A,0.0,-1.007162183007658,0.2675355832310135,train
ins1982122100022,198212,ins,A,0.0,-3.59286134266011,0.026782436423103146,train
ins1982122800041,198212,ins,A,0.0,-0.6127668581131344,0.35142829882754356,train
ins1982123100043,198212,ins,A,0.0,-1.6764108153024275,0.1575713212416494,train
ins1983010200012,198301,ins,A,0.0,-0.9190751491666987,0.2851463765033433,train
ins1983010300022,198301,ins,A,0.0,0.15368635700105837,0.5383461425643421,train
ins1983010400033,198301,ins,A,0.0,-2.1347121413837344,0.10576848158402288,train
ins1983010600013,198301,ins,A,0.0,-1.1307288713727892,0.24402661535919293,train
ins1983011000042,198301,ins,A,0.0,-2.7665058703795564,0.05916120143597183,train
ins1983011200012,198301,ins,A,0.0,-1.2526840446443686,0.22223586368071283,train
ins1983011300032,198301,ins,A,0.0,-1.4972201107147298,0.18284050051368364,train
ins1983011800022,198301,ins,A,0.0,-2.251314331263277,0.09523615366632988,train
ins1983012100032,198301,ins,A,1.0,1.2350378406313878,0.774699097702738,train
ins1983012100033,198301,ins,A,0.0,-1.8857054140686356,0.1317349113078289,train
ins1983013000042,198301,ins,A,0.0,-1.796901773689587,0.14222862859796154,train
ins1983013100023,198301,ins,A,1.0,-1.7258470307441005,0.1511195612258099,train
ins1983013100032,198301,ins,A,0.0,-1.662405531118043,0.15943934724305747,train
ins1983013100042,198301,ins,A,0.0,-1.66717212766702,0.15880157191884692,train
ins1983013100043,198301,ins,A,1.0,2.588467608954528,0.93011567655915,train
ins1983020300013,198302,ins,A,0.0,-2.37893377056691,0.084793272108842,train
ins1983020500012,198302,ins,A,0.0,-0.5952775928938701,0.35542484775787353,train
ins1983020800023,198302,ins,A,0.0,-3.3865182768078483,0.03271946893744677,train
ins1983020900033,198302,ins,A,1.0,-1.802926392601463,0.14149521027932047,train
ins1983021100033,198302,ins,A,1.0,-1.7018724192812869,0.1542208745532973,train
ins1983022300023,198302,ins,A,0.0,-1.082570814872352,0.2530198221792828,train
ins1983022800013,198302,ins,A,0.0,-1.9088566147365826,0.1291093600270791,train
ins1983030300023,198303,ins,A,0.0,-1.734789820397714,0.14997593405132967,train
ins1983030500013,198303,ins,A,0.0,-2.2245560833388747,0.09756691586113651,train
ins1983030500033,198303,ins,A,0.0,-1.5036249412032272,0.18188549894883724,train
ins1983031100023,198303,ins,A,1.0,-0.10500893932225686,0.4737718619463404,train
ins1983031500022,198303,ins,A,0.0,-1.9822157477168716,0.12108283602233981,train
ins1983032000033,198303,ins,A,1.0,-1.6021263183207128,0.16768464232232477,train
ins1983032200022,198303,ins,A,1.0,0.8426792298150247,0.6990291925453956,train
ins1983032200043,198303,ins,A,0.0,-1.5025017073264828,0.18205269942984953,train
ins1983032500032,198303,ins,A,1.0,-1.4469053251908939,0.19047829644130487,train
ins1983032600023,198303,ins,A,0.0,1.3766926952949174,0.7984593073397939,train
ins1983033000012,198303,ins,A,0.0,-2.936886338364357,0.050359972160152415,train
ins1983040800023,198304,ins,A,0.0,-1.9115041041328746,0.128811968158184,train
ins1983040900013,198304,ins,A,0.0,-1.5068773327515448,0.18140203343067704,train
ins1983041000013,198304,ins,A,1.0,1.0702055165211404,0.744635997422293,train
ins1983041500013,198304,ins,A,0.0,-0.4340518791448795,0.39315919645401537,train
ins1983042000022,198304,ins,A,1.0,0.16384328769021864,0.5408694357525236,train
ins1983042700033,198304,ins,A,0.0,-1.2064816395510713,0.2303241762518454,train
ins1983042800012,198304,ins,A,0.0,-1.915745715191128,0.12833672586998024,train
ins1983050100022,198305,ins,A,0.0,-1.5357628813393966,0.17715207157373622,train
ins1983050100023,198305,ins,A,0.0,-1.1010936101921942,0.2495350408810626,train
ins1983050500012,198305,ins,A,0.0,-1.0939265383854284,0.2508796069732529,train
ins1983050500013,198305,ins,A,0.0,0.08349762372680425,0.5208622866066193,train
ins1983050600033,198305,ins,A,0.0,-1.3385528711045105,0.20774813910803458,train
ins1983050900023,198305,ins,A,1.0,0.4604656974342974,0.6131246466991651,train
ins1983051300043,198305,ins,A,0.0,-1.8577624930601622,0.13496406482974965,train
ins1983051600042,198305,ins,A,0.0,-2.542764190769633,0.0729140999366084,train
ins1983051700022,198305,ins,A,1.0,0.41591550316585607,0.602505453713902,train
ins1983052000012,198305,ins,A,0.0,0.5372315777191645,0.6311681774762823,train
ins1983052900032,198305,ins,A,0.0,-1.6963917720479549,0.15493710815740092,train
ins1983060400032,198306,ins,A,1.0,-1.1492791632949177,0.2406207714475449,train
ins1983060400043,198306,ins,A,1.0,1.189746027638298,0.7666956383965259,train
ins1983060500013,198306,ins,A,0.0,-1.4901314533082675,0.18390199781734518,train
ins1983060700013,198306,ins,A,1.0,2.066717663547726,0.8876259774992752,train
ins1983060700021,198306,ins,A,0.0,-1.242254614765483,0.22404378123675373,train
ins1983060900012,198306,ins,A,0.0,-1.7271040122180392,0.15095838327959488,train
ins1983061000012,198306,ins,A,1.0,-0.9492909321127438,0.27902744361220183,train
ins1983061000013,198306,ins,A,0.0,-1.6569971557447953,0.1601655050085298,train
ins1983061100032,198306,ins,A,1.0,-1.7632546504476232,0.14638318623640575,train
ins1983061200022,198306,ins,A,0.0,-1.9878471064910188,0.12048481443167788,train
ins1983061300022,198306,ins,A,0.0,-1.4676290483485261,0.18730325445177845,train
ins1983061400011,198306,ins,A,0.0,-1.8831401958486094,0.1320286003639533,train
ins1983061500032,198306,ins,A,1.0,-1.1862402326920114,0.23393204141837382,train
ins1983061600012,198306,ins,A,0.0,-1.3996249347537373,0.19787563537724182,train
ins1983061600042,198306,ins,A,0.0,-3.251075116245441,0.037288273768045464,train
ins1983061800013,198306,ins,A,0.0,-1.6092180652946364,0.16669720322926118,train
ins1983061800033,198306,ins,A,1.0,2.449571193656768,0.9205300873818321,train
ins1983062100012,198306,ins,A,0.0,-2.2247979463290726,0.09754562247489443,train
ins1983062400012,198306,ins,A,1.0,2.3610783441121876,0.9138107744871571,train
ins1983062400022,198306,ins,A,0.0,-1.1503618280636743,0.24042299988317894,train
ins1983062400042,198306,ins,A,1.0,3.511923294731563,0.9710251257467528,train
ins1983062400043,198306,ins,A,0.0,-2.6805548103264543,0.06413056983435281,train
ins1983062700032,198306,ins,A,1.0,1.947157387539711,0.8751363529173278,train
ins1983062700041,198306,ins,A,1.0,-0.4873786039330696,0.3805112957160636,train
ins1983062800031,198306,ins,A,1.0,0.5888825587189566,0.6431087117215589,train
ins1983062900031,198306,ins,A,0.0,-1.7973893982135758,0.1421691489566325,train
ins1983070100033,198307,ins,A,1.0,-2.1489019210152085,0.10443387903946949,train
ins1983071100013,198307,ins,A,0.0,-2.3651823783983916,0.08586653760563415,train
ins1983071100022,198307,ins,A,0.0,-0.7729159004542574,0.31584867624744484,train
ins1983071900023,198307,ins,A,0.0,-1.9605741883287156,0.12340492065222491,train
ins1983072200013,198307,ins,A,0.0,-1.5610767044728169,0.17349220122260972,train
ins1983072200023,198307,ins,A,0.0,-1.3576239083727155,0.2046267508257163,train
ins1983072300032,198307,ins,A,1.0,0.5453483827395122,0.6330557084102068,train
ins1983072400012,198307,ins,A,0.0,-1.6067263698795902,0.16704361026782064,train
ins1983072700012,198307,ins,A,0.0,-0.4464499313210627,0.3902051574580959,train
ins1983072800032,198307,ins,A,1.0,-1.0370413543501413,0.26172126987807903,train
ins1983072900033,198307,ins,A,1.0,-0.7486696748756918,0.32111124107838573,train
ins1983072900042,198307,ins,A,0.0,-0.2097295708971794,0.44775895872108845,train
ins1983080300013,198308,ins,A,0.0,-1.538248463251001,0.1767900409526687,train
ins1983080400013,198308,ins,A,1.0,0.8162480381298003,0.6934393228365836,train
ins1983080600012,198308,ins,A,0.0,-0.9574194640602283,0.2773951585299506,train
ins1983081000043,198308,ins,A,1.0,-0.08381046892798039,0.4790596387644724,train
ins1983081100043,198308,ins,A,0.0,-1.4195393739148554,0.19473380538614066,train
ins1983081200022,198308,ins,A,1.0,-1.6766865026601803,0.15753472923964013,train
ins1983081200042,198308,ins,A,0.0,-1.915683309716956,0.1283437071083009,train
ins1983081600023,198308,ins,A,0.0,-0.3134789193814689,0.4222658020374615,train
ins1983081600033,198308,ins,A,0.0,-2.0476069711501967,0.11429440694478539,train
ins1983082200033,198308,ins,A,1.0,-1.80871769052048,0.140793175858963,train
ins1983082400023,198308,ins,A,0.0,-1.8949480978438706,0.13068131919026976,train
ins1983082500022,198308,ins,A,0.0,-0.754160152295702,0.3199155009653523,train
ins1983082600043,198308,ins,A,0.0,0.30392225252793015,0.5754010629352511,train
ins1983082900023,198308,ins,A,0.0,-1.2731390322071494,0.21872037510756984,train
ins1983083000012,198308,ins,A,0.0,-2.0642185120958256,0.11262354470655768,train
ins1983090600033,198309,ins,A,0.0,-2.0138500469788543,0.11775640805244476,train
ins1983090700022,198309,ins,A,0.0,-1.2545778256408884,0.22190870134980217,train
ins1983090900042,198309,ins,A,0.0,-1.4574710208864483,0.18885443075353445,train
ins1983091000012,198309,ins,A,0.0,-2.110332720411733,0.10809658443414667,train
ins1983091100043,198309,ins,A,0.0,-1.7565793247845987,0.1472192730338113,train
ins1983091400012,198309,ins,A,0.0,-0.6405783020040262,0.3451158251372767,train
ins1983091600013,198309,ins,A,0.0,-1.6536453794686583,0.1606168745781227,train
ins1983091700012,198309,ins,A,0.0,-0.791778658225238,0.3117868846560525,train
ins1983091800032,198309,ins,A,1.0,-1.1914832008932636,0.2329937714270901,train
ins1983092300022,198309,ins,A,0.0,-1.02619802791746,0.26382185940004504,train
ins1983092500043,198309,ins,A,1.0,-0.8868594617904985,0.29175834918937715,train
ins1983092800043,198309,ins,A,0.0,-2.1614053416467787,0.10327023652101194,train
ins1983100100013,198310,ins,A,0.0,-2.1088916967642213,0.10823559447305105,validation
ins1983100900013,198310,ins,A,0.0,-2.1935650368487596,0.10032984110250992,validation
ins1983100900023,198310,ins,A,0.0,-1.9679598733466497,0.1226081853811187,validation
ins1983101000012,198310,ins,A,1.0,-1.9206347102435597,0.12779080460076334,validation
ins1983101000032,198310,ins,A,0.0,0.8135387570194101,0.6928630788837906,validation
ins1983101200042,198310,ins,A,0.0,-1.344279645477395,0.20680715336325742,validation
ins1983101200043,198310,ins,A,1.0,-1.4412780385890729,0.19134751498161506,validation
ins1983101300022,198310,ins,A,0.0,-1.6705518017443803,0.15835062321432689,validation
ins1983101800013,198310,ins,A,0.0,1.1102735341696461,0.7521801031470436,validation
ins1983101900012,198310,ins,A,0.0,-2.1039769705607783,0.10871088121096269,validation
ins1983101900032,198310,ins,A,0.0,-2.0788544785420098,0.11116910589426633,validation
ins1983102000032,198310,ins,A,0.0,-0.07132851454186534,0.4821754279813551,validation
ins1983103000042,198310,ins,A,0.0,-2.263503810174295,0.09419100181302902,validation
ins1983110200022,198311,ins,A,0.0,-2.5966044854568686,0.06935726985001942,validation
ins1983110800013,198311,ins,A,1.0,-1.1518577570597743,0.24014991974783817,validation
ins1983110800023,198311,ins,A,0.0,-3.353957735441862,0.033765801844353266,validation
ins1983111200023,198311,ins,A,0.0,-1.9284691026950536,0.12692012413762585,validation
ins1983111400012,198311,ins,A,0.0,0.5010793770166624,0.6227129552590375,validation
ins1983112400012,198311,ins,A,0.0,-1.0284747579100035,0.26337991099334723,validation
ins1983112500032,198311,ins,A,0.0,-2.0345106393262187,0.11562687596576597,validation
ins1983112600013,198311,ins,A,1.0,0.10414874419544945,0.5260136761879646,validation
ins1983112700032,198311,ins,A,1.0,0.0543181178160142,0.513576191619625,validation
ins1983120200033,198312,ins,A,1.0,0.060834743202826225,0.5152039970936025,validation
ins1983120300032,198312,ins,A,0.0,-1.601112648949866,0.16782616427233304,validation
ins1983120400033,198312,ins,A,0.0,-2.072745650043979,0.11177415781017111,validation
ins1983120400042,198312,ins,A,0.0,-1.3771049124756973,0.2014743659908973,validation
ins1983120500043,198312,ins,A,1.0,0.7101586746413566,0.6704362201561677,validation
ins1983120700023,198312,ins,A,0.0,-1.0189404431058757,0.2652338407494323,validation
ins1983120800012,198312,ins,A,0.0,-2.2236093826742476,0.09765030235734942,validation
ins1983120800022,198312,ins,A,0.0,-0.8201929706288846,0.3057226991189301,validation
ins1983121100033,198312,ins,A,1.0,1.7509574201491482,0.8520735199427413,validation
ins1983121200013,198312,ins,A,1.0,2.610307054307299,0.9315219854895443,validation
ins1983121200033,198312,ins,A,0.0,1.4335612530805877,0.8074555938586787,validation
ins1983121700032,198312,ins,A,0.0,-0.28622763367623033,0.42892765460430454,validation
ins1983121800032,198312,ins,A,0.0,-1.76393054349466,0.1462987501040426,validation
ins1983121900023,198312,ins,A,1.0,-1.2243283832707168,0.22717563264042642,validation
ins1983122200012,198312,ins,A,1.0,1.1114149670872957,0.7523928109229765,validation
ins1983122200042,198312,ins,A,0.0,-2.3287820329963314,0.0887671322632917,validation
ins1983122300013,198312,ins,A,0.0,-1.5100181645720836,0.18093610117913664,validation
ins1983122500021,198312,ins,A,0.0,-1.306360844242842,0.21309644371871506,validation
ins1983123000023,198312,ins,A,0.0,-1.713422864180916,0.15272028142966979,validation
ins1983123000042,198312,ins,A,0.0,1.7774859751510688,0.8553861570941004,validation
ins1983123100032,198312,ins,A,0.0,-1.8355814186785357,0.1375747089538686,validation
ins1984010200032,198401,ins,A,0.0,-1.8492557272116277,0.1359603068434017,validation
ins1984010400023,198401,ins,A,0.0,-1.132351954061268,0.24372731733129463,validation
ins1984010500013,198401,ins,A,0.0,-1.5550334808443058,0.17436046569955704,validation
ins1984010900012,198401,ins,A,0.0,-1.9594872502379312,0.1235225495641688,validation
ins1984011300013,198401,ins,A,0.0,-1.2799922119204394,0.21755154928324683,validation
ins1984011300031,198401,ins,A,1.0,-0.2768323462688311,0.43123053904488384,validation
ins1984012600031,198401,ins,A,0.0,-1.1806147808783034,0.23494167500392643,validation
ins1984012700032,198401,ins,A,0.0,-1.6835416581263039,0.15662706431783474,validation
ins1984020400033,198402,ins,A,1.0,1.6511717944999384,0.839049358912555,validation
ins1984020500022,198402,ins,A,0.0,-2.169008012642918,0.10256830795389153,validation
ins1984020700012,198402,ins,A,1.0,1.1191548151296604,0.753831909681959,validation
ins1984020900022,198402,ins,A,0.0,-2.131478018057827,0.10607476008744299,validation
ins1984021100033,198402,ins,A,0.0,-1.3838677306424807,0.20038854354120256,validation
ins1984021200022,198402,ins,A,1.0,2.997176354029285,0.9524464007918186,validation
ins1984021700032,198402,ins,A,1.0,-1.2403116288731053,0.22438174687316434,validation
ins1984022000033,198402,ins,A,0.0,-2.0716100640349033,0.11188694929246672,validation
ins1984022100012,198402,ins,A,1.0,0.9894254939388784,0.7289744317116253,validation
ins1984022200012,198402,ins,A,1.0,1.136749235132764,0.7570822948184635,validation
ins1984022400023,198402,ins,A,1.0,1.1126301191506693,0.7526191217265018,validation
ins1984022900022,198402,ins,A,0.0,0.7436112045884438,0.6777850219869647,validation
ins1984030200032,198403,ins,A,0.0,-1.8680525972443454,0.13376721410457457,validation
ins1984030500043,198403,ins,A,1.0,0.7550510764268192,0.6802783059101054,validation
ins1984030600013,198403,ins,A,0.0,-1.0650021023650675,0.2563547074550233,validation
ins1984030600042,198403,ins,A,0.0,-1.2123790900779556,0.22928036910006694,validation
ins1984031000033,198403,ins,A,1.0,1.8131439326549208,0.8597414178342467,validation
ins1984031100042,198403,ins,A,1.0,-1.800062392227961,0.1418434701054526,validation
ins1984031500021,198403,ins,A,0.0,-0.937793464017312,0.28134626797219836,validation
ins1984031600012,198403,ins,A,0.0,-3.094476025823605,0.043335689416284434,validation
ins1984031600022,198403,ins,A,0.0,-0.2985148276382432,0.42592058599435817,validation
ins1984031700032,198403,ins,A,0.0,-2.3029469779545604,0.09087918748845827,validation
ins1984031800012,198403,ins,A,0.0,-2.4215644698444803,0.08154300971985079,validation
ins1984032200021,198403,ins,A,0.0,0.03278229041190184,0.5081948387146613,validation
ins1984032500033,198403,ins,A,0.0,-1.4151198029378613,0.19542778473242112,validation
ins1984033000022,198403,ins,A,0.0,-1.6576319157819535,0.16008014025605016,validation
ins1984040200032,198404,ins,A,0.0,-2.108531912861774,0.10827032594442157,validation
ins1984040800012,198404,ins,A,1.0,-0.9217984710168887,0.2845915852005403,validation
ins1984041200021,198404,ins,A,1.0,0.517035893448955,0.6264543982569032,validation
ins1984041300013,198404,ins,A,0.0,-2.102568156181116,0.10884746048408257,validation
ins1984041400013,198404,ins,A,0.0,-1.6538006402195775,0.16059594356727952,validation
ins1984041400032,198404,ins,A,1.0,-2.2715515083987112,0.09350661856150068,validation
ins1984041900022,198404,ins,A,1.0,-0.3861309758341856,0.40464903543244396,validation
ins1984042100023,198404,ins,A,1.0,0.8751662716737549,0.705819553388043,validation
ins1984042200011,198404,ins,A,0.0,-0.999337800051189,0.2690716377013723,validation
ins1984042200023,198404,ins,A,0.0,-2.059283485747096,0.11311769234852069,validation
ins1984042300013,198404,ins,A,0.0,-1.7834302467846312,0.1438800847000902,validation
ins1984042300023,198404,ins,A,0.0,0.47061645471022917,0.6155296525716227,validation
ins1984042500022,198404,ins,A,1.0,2.6203286941118273,0.9321584956742051,validation
ins1984042500023,198404,ins,A,1.0,-2.2026566476664176,0.09951217483007156,validation
ins1984042600012,198404,ins,A,0.0,-2.1808109806927427,0.10148695281268763,validation
ins1984042700032,198404,ins,A,1.0,0.2693483345093618,0.5669329150481254,validation
ins1984042800033,198404,ins,A,0.0,-1.3461712459440296,0.20649703117902773,validation
ins1984042900033,198404,ins,A,0.0,-0.5661486229152702,0.3621259841076679,validation
ins1984050600023,198405,ins,A,1.0,3.0400881479358963,0.9543526694153407,validation
ins1984050900012,198405,ins,A,0.0,-1.1731855146069559,0.23627967027856897,validation
ins1984051100032,198405,ins,A,0.0,-1.4712270076349436,0.18675618648756154,validation
ins1984051200033,198405,ins,A,0.0,-1.9736706552533987,0.12199516847042796,validation
ins1984051500011,198405,ins,A,1.0,-0.5828231948793996,0.3582832356056536,validation
ins1984051800033,198405,ins,A,0.0,1.1043304577458388,0.7510706232836156,validation
ins1984051900023,198405,ins,A,0.0,-1.6517112976326098,0.16087779692604748,validation
ins1984052000022,198405,ins,A,1.0,1.6031750509025045,0.8324616746104357,validation
ins1984052100023,198405,ins,A,0.0,-2.2707348176959083,0.09357586680754346,validation
ins1984052400022,198405,ins,A,0.0,-1.8166115654240356,0.13984095519897033,validation
ins1984052600023,198405,ins,A,1.0,0.7210486926050667,0.6728379045145348,validation
ins1984052800033,198405,ins,A,0.0,-1.966108128142713,0.12280752689550425,validation
ins1984060400013,198406,ins,A,0.0,-2.058879438630739,0.11315823353245508,validation
ins1984060600012,198406,ins,A,0.0,-2.190927851251639,0.10056813442520329,validation
ins1984060900032,198406,ins,A,1.0,1.1919975156202929,0.7670981279393035,validation
ins1984061000011,198406,ins,A,0.0,-1.303493283916137,0.21357769003952207,validation
ins1984061200012,198406,ins,A,0.0,-1.6736114003499558,0.15794327917677015,validation
ins1984061800012,198406,ins,A,0.0,-2.0813124031895374,0.11092646905722997,validation
ins1984061900012,198406,ins,A,0.0,-0.410933717403959,0.39868825438049105,validation
ins1984061900032,198406,ins,A,1.0,-0.1533814963688246,0.46172962520367405,validation
ins1984062000013,198406,ins,A,1.0,0.8471917817686616,0.6999777230175047,validation
ins1984062000031,198406,ins,A,1.0,0.9518730724774286,0.7214917119716668,validation
ins1984062200023,198406,ins,A,1.0,-1.447720722041502,0.19035259698303086,validation
ins1984062600023,198406,ins,A,1.0,-0.7384572853348276,0.3233415850557986,validation
ins1984062600031,198406,ins,A,1.0,-0.6382699945189297,0.345637714126041,validation
ins1984062600033,198406,ins,A,0.0,0.47388435913551624,0.6163027190773528,validation
ins1984062700043,198406,ins,A,1.0,-1.917309932628967,0.12816184418496746,validation
ins1984062800012,198406,ins,A,0.0,-1.2646823011560393,0.22016891331404917,validation
ins1984070400013,198407,ins,A,0.0,-1.1226114584551308,0.2455272061767199,validation
ins1984070500023,198407,ins,A,1.0,1.5881935704089116,0.8303617992713629,validation
ins1984070600012,198407,ins,A,0.0,-1.8086093689933762,0.1408062800735228,validation
ins1984071000022,198407,ins,A,0.0,-2.508969947038407,0.07523174090311084,validation
ins1984071300033,198407,ins,A,0.0,-1.178767060662012,0.23527395442285395,validation
ins1984071400023,198407,ins,A,0.0,-2.2830306204799835,0.09253814280200859,validation
ins1984071400033,198407,ins,A,0.0,-1.5689828635401892,0.1723614409248499,validation
ins1984071700042,198407,ins,A,0.0,-4.342965588738804,0.012831146222123849,validation
ins1984071800022,198407,ins,A,0.0,-2.014180246598044,0.11772210799757385,validation
ins1984072000012,198407,ins,A,0.0,-2.512889674202076,0.07495949157178203,validation
ins1984072600023,198407,ins,A,0.0,-1.9270269520469832,0.12708001687948964,validation
ins1984073100032,198407,ins,A,1.0,-1.2187939293648695,0.22814876624327532,validation
ins1984080100011,198408,ins,A,1.0,-0.34219757187659816,0.41527575954232393,validation
ins1984081100012,198408,ins,A,1.0,4.608278473939689,0.990129433953435,validation
ins1984081500033,198408,ins,A,0.0,-1.4559726512598679,0.18908407066899655,validation
ins1984081700012,198408,ins,A,0.0,0.2464188122565441,0.561294853154976,validation
ins1984081700023,198408,ins,A,1.0,1.4610171449495177,0.8116881951602914,validation
ins1984081800032,198408,ins,A,1.0,-3.2597176700002395,0.036979262260915816,validation
ins1984081900032,198408,ins,A,0.0,-0.5980466840322488,0.3547907087235982,validation
ins1984082000023,198408,ins,A,0.0,0.6166396580695515,0.649453906003429,validation
ins1984082200012,198408,ins,A,0.0,-1.4994785943847138,0.18250330248119456,validation
ins1984082200022,198408,ins,A,0.0,-0.8279895658750567,0.30407033363327685,validation
ins1984082600022,198408,ins,A,1.0,1.1621268981814508,0.761718968491968,validation
ins1984090300033,198409,ins,A,1.0,0.4750505028818716,0.616578443950966,validation
ins1984091000021,198409,ins,A,0.0,-1.3911690785049289,0.19922118571049885,validation
ins1984091100013,198409,ins,A,0.0,-0.25519016061359645,0.4365464386741749,validation
ins1984091200022,198409,ins,A,0.0,-1.4926665989784946,0.18352182280902346,validation
ins1984091200023,198409,ins,A,1.0,-1.5412174183930667,0.17635836765795804,validation
ins1984091300012,198409,ins,A,1.0,-0.1112144161167209,0.4722250183148387,validation
ins1984091400042,198409,ins,A,0.0,-1.8925435912198767,0.13095472272689682,validation
ins1984091500032,198409,ins,A,0.0,-1.4474329451494354,0.19039695267408724,validation
ins1984091500033,198409,ins,A,0.0,-1.0371403640013668,0.26170213936314823,validation
ins1984091500043,198409,ins,A,1.0,0.24267451961636077,0.5603726369467836,validation
ins1984091700012,198409,ins,A,0.0,-1.6767315302268317,0.15752875338398842,validation
ins1984092400033,198409,ins,A,0.0,-2.158791656399245,0.10351252923839556,validation
ins1984092400042,198409,ins,A,1.0,1.5153548028917785,0.819853432929685,validation
ins1984092500012,198409,ins,A,0.0,-0.7610748851022147,0.3184129425268267,validation
ins1984100700032,198410,ins,A,0.0,-1.3411151995857429,0.2073267242156006,validation
ins1984101300012,198410,ins,A,1.0,-1.1830413032758385,0.23450580251138914,validation
ins1984101400043,198410,ins,A,0.0,-1.260344042490802,0.2209146729067588,validation
ins1984101500011,198410,ins,A,1.0,0.31118711532790844,0.5771749960390744,validation
ins1984102500023,198410,ins,A,0.0,-0.9943816828027598,0.2700474825110209,validation
ins1984103100031,198410,ins,A,1.0,0.2514682528720289,0.5625378549064586,validation
ins1984110100013,198411,ins,A,0.0,-2.747496087167464,0.060228217630959965,validation
ins1984110300012,198411,ins,A,0.0,-2.154215119535892,0.1039379925444393,validation
ins1984110400032,198411,ins,A,0.0,-1.7508920729905504,0.14793471687947685,validation
ins1984110500022,198411,ins,A,0.0,-1.8401673032788841,0.13703150711329506,validation
ins1984110600013,198411,ins,A,0.0,-1.0044165355204218,0.26807396441423414,validation
ins1984110600022,198411,ins,A,1.0,0.9010637102494998,0.7111680463487529,validation
ins1984110700013,198411,ins,A,0.0,-3.255419246711779,0.03713264186500388,validation
ins1984110800013,198411,ins,A,1.0,0.9166921028442492,0.7143676196829664,validation
ins1984110900012,198411,ins,A,0.0,-2.2277809876101333,0.09728333901269237,validation
ins1984110900023,198411,ins,A,1.0,0.9420551131785408,0.7195145937205527,validation
ins1984111300031,198411,ins,A,1.0,0.4698996872459939,0.6153600134328352,validation
ins1984111600011,198411,ins,A,0.0,-0.5593882356425934,0.36368902199903713,validation
ins1984111600013,198411,ins,A,1.0,-1.462364428744014,0.18810595835260457,validation
ins1984112000032,198411,ins,A,1.0,0.68072846748556,0.6639012644015511,validation
ins1984112200012,198411,ins,A,0.0,-1.9238803838622853,0.12742947762260906,validation
ins1984112600023,198411,ins,A,1.0,0.25893569565475516,0.5643746442461188,validation
ins1984112800023,198411,ins,A,0.0,-2.356465003215112,0.0865532695405513,validation
ins1984112900022,198411,ins,A,1.0,-1.1858070558878615,0.23400967904526646,validation
ins1984113000033,198411,ins,A,0.0,-2.0722364493171623,0.11182472160706178,validation
ins1984120100032,198412,ins,A,0.0,-2.194622849228689,0.10023439933479229,validation
ins1984120300023,198412,ins,A,0.0,-1.5206947118028193,0.17935924234287814,validation
ins1984120400013,198412,ins,A,1.0,0.3483544734990885,0.586218486234185,validation
ins1984120600022,198412,ins,A,1.0,-1.1485811645280113,0.2407483345581169,validation
ins1984120700033,198412,ins,A,0.0,-1.7619566258990687,0.14654545554667298,validation
ins1984120800042,198412,ins,A,1.0,-0.908544186067275,0.28729783416046634,validation
ins1984120900023,198412,ins,A,0.0,-1.45251486308039,0.18961482785179165,validation
ins1984121200012,198412,ins,A,0.0,-1.703249900622648,0.15404128586728105,validation
ins1984121300013,198412,ins,A,0.0,-1.663653668713915,0.1592721448811527,validation
ins1984121500012,198412,ins,A,0.0,0.11602829491043892,0.528974575010028,validation
ins1984121500023,198412,ins,A,0.0,0.038839666383288896,0.5097086961465689,validation
ins1984121800013,198412,ins,A,0.0,-2.209119273855738,0.09893455911350137,validation
ins1985010300022,198501,ins,A,0.0,-1.8158296371247298,0.13993503629624213,validation
ins1985010300033,198501,ins,A,0.0,-2.1392984839339255,0.10533548203792033,validation
ins1985010700033,198501,ins,A,0.0,-0.6725850666899501,0.33791824300284773,validation
ins1985010800033,198501,ins,A,1.0,-1.2052358251462403,0.2305451021332943,validation
ins1985011100023,198501,ins,A,0.0,-2.1112745056281526,0.10800581881556402,validation
ins1985011300012,198501,ins,A,1.0,1.5366191011327364,0.8229727044142036,validation
ins1985011600043,198501,ins,A,1.0,1.3548353317422286,0.794919021538678,validation
ins1985011700042,198501,ins,A,0.0,-1.0250903962929039,0.26403703975662135,validation
ins1985012300033,198501,ins,A,0.0,-2.3966541121954226,0.08342819325738127,validation
ins1985012800023,198501,ins,A,0.0,-2.1537750493525385,0.10397898557513006,validation
ins1985012900023,198501,ins,A,1.0,0.3672048296434012,0.5907833944614165,validation
ins1985020100013,198502,ins,A,0.0,0.24972214240462376,0.5621081094803241,validation
ins1985020300022,198502,ins,A,0.0,-0.8340080759772361,0.30279825117196113,validation
ins1985021400032,198502,ins,A,1.0,-0.7731169225897281,0.31580523932606247,validation
ins1985021500012,198502,ins,A,0.0,-0.9135893775848266,0.2862659014817876,validation
ins1985021500033,198502,ins,A,0.0,-4.533035199646782,0.01063371298490804,validation
ins1985021800013,198502,ins,A,1.0,0.5596860796776083,0.636379902065415,validation
ins1985021900012,198502,ins,A,1.0,0.05068857160673912,0.5126694303541853,validation
ins1985022100032,198502,ins,A,0.0,-2.212854982685137,0.09860203230061143,validation
ins1985022200023,198502,ins,A,0.0,-1.6793390981761338,0.1571830030146176,validation
ins1985022600032,198502,ins,A,1.0,-1.2197234707427977,0.22798511824710402,validation
ins1985022700012,198502,ins,A,0.0,-1.6264075872212587,0.1643230802636221,validation
ins1985030400033,198503,ins,A,0.0,-1.7018832918962707,0.15421945636956194,validation
ins1985030600032,198503,ins,A,0.0,-2.3743707194954213,0.08514805181710289,validation
ins1985030700032,198503,ins,A,0.0,-0.32867237903965046,0.41856368880874434,validation
ins1985030900012,198503,ins,A,1.0,2.008975025456806,0.8817361822335588,validation
ins1985031200012,198503,ins,A,1.0,-0.11606767926755368,0.47101561197608444,validation
ins1985031600022,198503,ins,A,0.0,0.01863848835733628,0.5046594872005823,validation
ins1985031800013,198503,ins,A,0.0,-1.228433455570736,0.22645572524900984,validation
ins1985032100022,198503,ins,A,0.0,-1.7916748866946643,0.14286750021491723,validation
ins1985032100023,198503,ins,A,1.0,-1.6622763921239205,0.1594566550109903,validation
ins1985032700031,198503,ins,A,1.0,-0.26202181825038,0.4348667655993426,validation
ins1985033100013,198503,ins,A,0.0,-1.7451208655041879,0.14866365686082703,validation
ins1985040100033,198504,ins,A,0.0,-1.223655788918918,0.22729373959009047,validation
ins1985040300022,198504,ins,A,0.0,1.7480378267397327,0.8517051436238059,validation
ins1985040800042,198504,ins,A,0.0,-1.6869999916530376,0.15617077795108184,validation
ins1985040900013,198504,ins,A,0.0,-2.037244179749176,0.1153476450601566,validation
ins1985041700032,198504,ins,A,1.0,0.43283949824854234,0.6065515101608232,validation
ins1985041800033,198504,ins,A,0.0,-1.789922336172594,0.14308224555599333,validation
ins1985041900023,198504,ins,A,1.0,1.9537847864756441,0.8758587481563908,validation
ins1985042100023,198504,ins,A,0.0,0.09747950010008827,0.5243505959512286,validation
ins1985050500032,198505,ins,A,0.0,-1.0941990550969933,0.2508283939240268,validation
ins1985050500041,198505,ins,A,0.0,-1.1731796541231367,0.2362807278138132,validation
ins1985050600012,198505,ins,A,0.0,-2.384041658415785,0.08439772253545356,validation
ins1985050900042,198505,ins,A,0.0,-1.0932250156133365,0.2510114735224758,validation
ins1985051100022,198505,ins,A,0.0,-0.3740245071279546,0.40756891788142385,validation
ins1985051100033,198505,ins,A,1.0,2.5746254460650992,0.929210554583266,validation
ins1985051400033,198505,ins,A,0.0,-3.052905925009041,0.0450921820771411,validation
ins1985051500011,198505,ins,A,0.0,-0.8578495364569159,0.2977888348405567,validation
ins1985051700033,198505,ins,A,0.0,-2.3218267367041068,0.0893313404903631,validation
ins1985051900023,198505,ins,A,0.0,1.0738628646296808,0.7453308315180616,validation
ins1985052200013,198505,ins,A,0.0,-2.0798450956170065,0.11107126018678223,validation
ins1985052200041,198505,ins,A,1.0,0.9437546925078383,0.7198574635056977,validation
ins1985052600023,198505,ins,A,1.0,-0.9535992826056809,0.27816155356828853,validation
ins1985052700012,198505,ins,A,0.0,-2.03769838586515,0.11530130479963363,validation
ins1985060100042,198506,ins,A,0.0,-2.9910556618508335,0.047831588118201,validation
ins1985060200012,198506,ins,A,0.0,-2.650605624932842,0.06595169193543024,validation
ins1985060300031,198506,ins,A,0.0,-0.934762146545086,0.28195957774292657,validation
ins1985061600012,198506,ins,A,1.0,0.7727407770351621,0.6841134804120698,validation
ins1985061700012,198506,ins,A,1.0,-1.0111856155073486,0.26674788800951127,validation
ins1985061700032,198506,ins,A,1.0,0.6231674113177872,0.6509385836298802,validation
ins1985062000032,198506,ins,A,0.0,0.1971498071815817,0.549128427615491,validation
ins1985062500022,198506,ins,A,0.0,-2.267732636013122,0.09383082102170456,validation
ins1985062800012,198506,ins,A,1.0,1.5015462831949429,0.817804985606167,validation
ins1985062800042,198506,ins,A,0.0,-2.0159491168554915,0.11753851093740315,validation
ins1985063000022,198506,ins,A,0.0,-1.662606533344037,0.15941241108189655,validation
ins1985070100033,198507,ins,A,0.0,-0.4264043628725644,0.3949852625686379,validation
ins1985070800023,198507,ins,A,0.0,0.6056322373321124,0.6469438137286894,validation
ins1985070900023,198507,ins,A,1.0,0.1171061137966583,0.5292431164622374,validation
ins1985070900042,198507,ins,A,1.0,-0.37427130559730154,0.4075093281476841,validation
ins1985071000023,198507,ins,A,1.0,0.3704532724608567,0.5915685004973593,validation
ins1985071300023,198507,ins,A,0.0,-2.400396270522963,0.08314248387637552,validation
ins1985071400013,198507,ins,A,1.0,-0.8653783331374708,0.29621688388693096,validation
ins1985071800033,198507,ins,A,0.0,-1.787962245218365,0.1433227399230887,validation
ins1985071900033,198507,ins,A,0.0,-1.711153842439657,0.15301411698748366,validation
ins1985072000023,198507,ins,A,1.0,0.825748004989612,0.69545511794043,validation
ins1985072400013,198507,ins,A,0.0,-2.4661438809096072,0.07826596511333583,validation
ins1985072500032,198507,ins,A,1.0,1.3839055796875188,0.7996175210551175,validation
ins1985072700041,198507,ins,A,1.0,0.48844276955569615,0.6197395200948796,validation
ins1985072800013,198507,ins,A,0.0,-2.579656356842791,0.07045923438691336,validation
ins1985072800023,198507,ins,A,0.0,-2.568965298373455,0.07116266601258579,validation
ins1985072900032,198507,ins,A,0.0,-2.188490043523308,0.10078885915464349,validation
ins1985073000033,198507,ins,A,0.0,-1.4513874014643986,0.18978813541196723,validation
ins1985073100042,198507,ins,A,0.0,-0.944597710792309,0.27997256266816883,validation
ins1985080300012,198508,ins,A,0.0,-1.8931962150915147,0.13088046837312506,validation
ins1985080900032,198508,ins,A,1.0,1.7177609733929933,0.8478402107263459,validation
ins1985081200012,198508,ins,A,0.0,-1.0606164565378664,0.25719166667779547,validation
ins1985081800032,198508,ins,A,0.0,-1.336951332513273,0.20801185788058274,validation
ins1985081900022,198508,ins,A,1.0,-0.22133491796004812,0.44489106533582956,validation
ins1985081900032,198508,ins,A,0.0,-0.7221067794620581,0.3269292245463043,validation
ins1985082000032,198508,ins,A,0.0,-3.6598409666621556,0.025090852022056482,validation
ins1985082200013,198508,ins,A,0.0,-1.0627707577765908,0.256780315437569,validation
ins1985082300012,198508,ins,A,1.0,-1.548532874658238,0.1752982676622125,validation
ins1985082400013,198508,ins,A,0.0,-2.199192810222872,0.09982299844945151,validation
ins1985082400022,198508,ins,A,0.0,-0.6280212466903496,0.3479593493900943,validation
ins1985082900032,198508,ins,A,1.0,-0.07560180021459073,0.4811085471389929,validation
ins1985083100013,198508,ins,A,0.0,-2.2528552994985027,0.09510345703784366,validation
ins1985083100032,198508,ins,A,0.0,-1.9097300841283196,0.12901117882552665,validation
ins1985090100033,198509,ins,A,0.0,-1.914459018298007,0.12848073287989822,validation
ins1985090200012,198509,ins,A,0.0,-1.3775069236191608,0.2014096972166935,validation
ins1985090500032,198509,ins,A,0.0,-1.848848099323063,0.13600820007745468,validation
ins1985091400022,198509,ins,A,0.0,-1.751203951146731,0.1478954089429192,validation
ins1985091600022,198509,ins,A,0.0,-2.191720551452618,0.10049645407464475,validation
ins1985092200021,198509,ins,A,0.0,-0.6298806827516779,0.347537593123285,validation
ins1985092400032,198509,ins,A,0.0,-1.9625649735087662,0.12318972658985639,validation
ins1985092400042,198509,ins,A,0.0,0.01991820135535388,0.5049793857153168,validation
ins1985092600023,198509,ins,A,1.0,-0.9050530760037213,0.28801319661475955,validation
ins1985092900023,198509,ins,A,0.0,-1.6154575686032644,0.16583228006956655,validation
ins1985092900042,198509,ins,A,0.0,-2.6140834291950803,0.06823751637737265,validation
ins1985093000012,198509,ins,A,0.0,-2.015297197823867,0.11760614693317455,validation
ins1985100300023,198510,ins,A,0.0,-1.9744502225779907,0.12191169178753554,validation
ins1985100800032,198510,ins,A,0.0,-1.7613690451653998,0.14661895946486966,validation
ins1985101000013,198510,ins,A,0.0,-1.5399295844137022,0.1765455113662961,validation
ins1985101700033,198510,ins,A,1.0,-1.3847073527798786,0.20025404223122473,validation
ins1985102100041,198510,ins,A,1.0,1.4124030447095874,0.8041446902151175,validation
ins1985102500013,198510,ins,A,0.0,0.2315193380977829,0.5576226770969117,validation
ins1985102600013,198510,ins,A,1.0,-0.744344421355365,0.32205486985862675,validation
ins1985102600021,198510,ins,A,1.0,0.8565188897325757,0.7019328379161729,validation
ins1985103100033,198510,ins,A,0.0,-1.6769973581092459,0.15749347766152533,validation
ins1985110600023,198511,ins,A,0.0,-2.0655940408046405,0.1124861483130614,validation
ins1985110700013,198511,ins,A,0.0,-2.4927191872256946,0.0763701708719667,validation
ins1985110800023,198511,ins,A,0.0,-1.3640148137038794,0.203588564626065,validation
ins1985110800032,198511,ins,A,1.0,0.07441689412528502,0.5185956426292666,validation
ins1985111000012,198511,ins,A,0.0,-1.8766304064928039,0.13277639164470534,validation
ins1985111300013,198511,ins,A,0.0,-2.05916811813307,0.11312926678412435,validation
ins1985111900022,198511,ins,A,0.0,-3.0870690215056826,0.04364380763995469,validation
ins1985112000031,198511,ins,A,1.0,-0.6004302453840861,0.35424526658054556,validation
ins1985112100022,198511,ins,A,0.0,-2.5023661682840346,0.07569246921373819,validation
ins1985112300031,198511,ins,A,0.0,-0.09432422727174805,0.4764364111470283,validation
ins1985120500022,198512,ins,A,1.0,-0.8846094636624754,0.2922234962313205,test
ins1985120500042,198512,ins,A,0.0,-0.4832027237587173,0.38149613439410957,test
ins1985120900032,198512,ins,A,0.0,-2.5271014755848773,0.07397997058968626,test
ins1985120900033,198512,ins,A,0.0,-0.07924358260194087,0.4801994647952018,test
ins1985121100033,198512,ins,A,0.0,-2.319075839198087,0.0895553824073915,test
ins1985121100042,198512,ins,A,0.0,-2.355591280082624,0.08662237262330585,test
ins1985121200013,198512,ins,A,0.0,-1.6701306533143856,0.15840676014398372,test
ins1985121200023,198512,ins,A,0.0,-1.1932235085191345,0.23268290962693045,test
ins1985121500013,198512,ins,A,0.0,-1.6562378041162555,0.160267673666733,test
ins1985121800023,198512,ins,A,0.0,-2.0494890645853854,0.11410401864186125,test
ins1985122200022,198512,ins,A,0.0,-2.104218701538512,0.10868746142882899,test
ins1985122200043,198512,ins,A,0.0,-2.7402495321186953,0.06063968777989747,test
ins1985122600043,198512,ins,A,1.0,1.650994759736149,0.8390254497236063,test
ins1985122800033,198512,ins,A,0.0,-1.5049244915768787,0.1816922016785935,test
ins1985122900041,198512,ins,A,0.0,-1.2322300856214201,0.22579134694762618,test
ins1985123100012,198512,ins,A,0.0,-2.160002337645507,0.10340023473814516,test
ins1986010200032,198601,ins,A,1.0,-1.905868865935871,0.12944567533038662,test
ins1986010400022,198601,ins,A,1.0,-0.6243184337717755,0.3487999293330476,test
ins1986010400033,198601,ins,A,1.0,1.8396558571434336,0.8629080011719765,test
ins1986010600033,198601,ins,A,1.0,0.5045468736672549,0.6235272669184929,test
ins1986010700023,198601,ins,A,0.0,-2.044945643272395,0.11456409301806104,test
ins1986010900032,198601,ins,A,1.0,-1.0600964010537555,0.2572910327617023,test
ins1986011000031,198601,ins,A,1.0,0.9106330419677503,0.7131296852504084,test
ins1986011100012,198601,ins,A,1.0,-2.234896060917915,0.09666028621777778,test
ins1986012000012,198601,ins,A,0.0,-1.1604300697945513,0.23858914801696976,test
ins1986012300012,198601,ins,A,0.0,-2.123882111824135,0.10679718416302207,test
ins1986012900021,198601,ins,A,0.0,-0.7782305296170946,0.3147013726817719,test
ins1986012900032,198601,ins,A,1.0,0.24660392365916517,0.5613404350138467,test
ins1986013100013,198601,ins,A,0.0,-1.3895321982825228,0.19948244922966324,test
ins1986020400012,198602,ins,A,1.0,1.7347136621290016,0.8500143567936138,test
ins1986020500013,198602,ins,A,0.0,1.5302761053532645,0.8220467081302832,test
ins1986020500033,198602,ins,A,0.0,-2.5439968291816717,0.07283082034887542,test
ins1986020900013,198602,ins,A,0.0,-2.4838359154752676,0.07699913984444987,test
ins1986021200023,198602,ins,A,0.0,-2.3188707035150147,0.08957210959791524,test
ins1986021700013,198602,ins,A,0.0,-1.352034824845581,0.20553790193994134,test
ins1986022100022,198602,ins,A,0.0,-2.3951606285280813,0.08354246793562564,test
ins1986030100021,198603,ins,A,1.0,1.7204476084241678,0.8481864821506192,test
ins1986030500013,198603,ins,A,0.0,-2.8481542902024297,0.0547768027560705,test
ins1986030500023,198603,ins,A,1.0,-0.8496935551273976,0.2994971452823447,test
ins1986031000032,198603,ins,A,0.0,-2.067014714193553,0.1123443962683524,test
ins1986031300023,198603,ins,A,0.0,-1.3287149213247307,0.20937201174173636,test
ins1986032000032,198603,ins,A,0.0,0.6762084439150742,0.6628919366952712,test
ins1986032900032,198603,ins,A,0.0,-3.3720684981429243,0.033179889407907046,test
ins1986033100022,198603,ins,A,0.0,0.15716776860272533,0.5392112599385273,test
ins1986033100023,198603,ins,A,1.0,-1.9442015761884477,0.12518699492224236,test
ins1986040200023,198604,ins,A,0.0,-1.6701098689325624,0.1584095310139502,test
ins1986040500023,198604,ins,A,0.0,-1.777056878562572,0.1446669305401852,test
ins1986040600012,198604,ins,A,0.0,-2.4334340604664715,0.0806584554886529,test
ins1986040800013,198604,ins,A,0.0,-1.5313379457010945,0.1777980126940926,test
ins1986041300043,198604,ins,A,0.0,-1.848603280276848,0.1360369713198531,test
ins1986041800022,198604,ins,A,0.0,-1.772651514780033,0.1452128970063353,test
ins1986041800032,198604,ins,A,0.0,-1.7906515503304674,0.14299286008305445,test
ins1986041900033,198604,ins,A,0.0,-2.7373573026987352,0.06080464594707799,test
ins1986042200012,198604,ins,A,1.0,-0.969340734975996,0.27501192721407564,test
ins1986042400043,198604,ins,A,1.0,-1.319626249859915,0.2108804824821273,test
ins1986042700033,198604,ins,A,0.0,-1.7114558772274968,0.15297497714048516,test
ins1986042700042,198604,ins,A,1.0,1.9079745370162895,0.870791426584915,test
ins1986042800033,198604,ins,A,1.0,-0.7217329358746478,0.327011492843676,test
ins1986050100043,198605,ins,A,1.0,0.6848130557133357,0.6648120735892264,test
ins1986050600033,198605,ins,A,0.0,0.8968821683512433,0.7103083661035916,test
ins1986051200022,198605,ins,A,0.0,-0.50534472726446,0.37628546258550577,test
ins1986052000041,198605,ins,A,1.0,-0.4524443244129386,0.38877976343524,test
ins1986052100033,198605,ins,A,0.0,-2.3508891051026444,0.08699512757472165,test
ins1986052700022,198605,ins,A,0.0,-3.5095484812443414,0.029041765209145528,test
ins1986052700033,198605,ins,A,0.0,-1.7208981081386863,0.15175551782365676,test
ins1986052800023,198605,ins,A,0.0,-2.764375317310082,0.05927990192000525,test
ins1986053000022,198605,ins,A,1.0,0.5844686055108224,0.6420949829360821,test
ins1986060300012,198606,ins,A,0.0,-0.36337262362103107,0.4101433947366924,test
ins1986060300022,198606,ins,A,0.0,-2.024844275533607,0.1166190107848607,test
ins1986060500033,198606,ins,A,0.0,-2.2108551703354333,0.09877991769835985,test
ins1986060700013,198606,ins,A,1.0,1.1594229516264203,0.7612278463343358,test
ins1986060700022,198606,ins,A,0.0,-2.6025768963309006,0.06897275970063878,test
ins1986060800022,198606,ins,A,1.0,0.27402217080091607,0.5680800743056602,test
ins1986060900022,198606,ins,A,1.0,1.367410144309391,0.7969614011423796,test
ins1986060900023,198606,ins,A,1.0,1.0291672266792264,0.7367544135042664,test
ins1986060900043,198606,ins,A,1.0,0.4976752014761397,0.6219128395822737,test
ins1986061200012,198606,ins,A,0.0,-2.8070385032277487,0.056945011410383564,test
ins1986061200023,198606,ins,A,0.0,0.06597974822867658,0.5164889556729011,test
ins1986061200042,198606,ins,A,0.0,-1.3897148278561335,0.19945328685946123,test
ins1986061700032,198606,ins,A,0.0,-1.8428579239519998,0.136713641420211,test
ins1986061700042,198606,ins,A,0.0,-0.9884395332418529,0.27122040921440826,test
ins1986061800011,198606,ins,A,1.0,-0.737134060571182,0.323631163438742,test
ins1986061800012,198606,ins,A,1.0,3.015888407487171,0.9532867726001603,test
ins1986061800042,198606,ins,A,1.0,-0.19152741207988055,0.4522639818761899,test
ins1986062500032,198606,ins,A,0.0,-4.5444160078217495,0.010514644057553622,test
ins1986062900013,198606,ins,A,0.0,-2.275316319924589,0.09318798934676817,test
ins1986062900022,198606,ins,A,1.0,-1.1643732410253558,0.23787355286738376,test
ins1986062900033,198606,ins,A,0.0,-1.4200629105891478,0.19465172138538303,test
ins1986070300013,198607,ins,A,1.0,0.7778312642779385,0.6852125136211131,test
ins1986070300022,198607,ins,A,1.0,-0.7576393997678472,0.3191589973346966,test
ins1986070900013,198607,ins,A,1.0,1.8214409582501032,0.8607389407815909,test
ins1986070900033,198607,ins,A,1.0,-1.7019618150697113,0.15420921441347973,test
ins1986071100032,198607,ins,A,0.0,-1.3151843666508278,0.21162060511773706,test
ins1986071800022,198607,ins,A,0.0,-2.853894985656957,0.05448032932730364,test
ins1986072800021,198607,ins,A,1.0,1.8661251867576827,0.8660092923160431,test
ins1986072800023,198607,ins,A,0.0,-2.4191274864115875,0.08172571076434022,test
ins1986072800032,198607,ins,A,0.0,-2.256039653820324,0.09482976846684206,test
ins1986073100013,198607,ins,A,0.0,-1.2495510718684169,0.2227778601079406,test
ins1986080400023,198608,ins,A,0.0,-1.9123128627719406,0.12872123695514623,test
ins1986080900013,198608,ins,A,1.0,1.8671685719510716,0.8661303175810965,test
ins1986081200013,198608,ins,A,0.0,-2.1265844068942146,0.1065396818253871,test
ins1986081400012,198608,ins,A,1.0,0.1452888599674898,0.5362584562183855,test
ins1986081400023,198608,ins,A,0.0,-2.162053931295262,0.10321018900893116,test
ins1986081400033,198608,ins,A,0.0,0.014903288502581491,0.5037257531659327,test
ins1986081400042,198608,ins,A,0.0,-3.357050329036654,0.03366504925138009,test
ins1986081500013,198608,ins,A,1.0,3.268125304679236,0.9633189859037621,test
ins1986081600033,198608,ins,A,0.0,-1.7673113569339716,0.14587700669152545,test
ins1986082100022,198608,ins,A,0.0,-3.034925747447943,0.04587275183823483,test
ins1986082300012,198608,ins,A,1.0,-0.8809355398610825,0.2929839495803237,test
ins1986082300022,198608,ins,A,0.0,-0.9365769694068379,0.28159229709226413,test
ins1986082500032,198608,ins,A,0.0,-2.049648540112947,0.11408789916317708,test
ins1986082700042,198608,ins,A,0.0,-1.6553760744464112,0.1603836808778031,test
ins1986082800023,198608,ins,A,0.0,-1.2912057291101746,0.21564879858155486,test
ins1986083100013,198608,ins,A,0.0,-2.3581481332325676,0.08642029081917021,test
ins1986090700012,198609,ins,A,0.0,-1.9581069118763619,0.12367206919981545,test
ins1986090700043,198609,ins,A,0.0,-1.654059731656984,0.16056101984674434,test
ins1986091100021,198609,ins,A,1.0,0.48176533010112704,0.6181646450261583,test
ins1986091300032,198609,ins,A,0.0,-2.2652613169488336,0.09404115990000064,test
ins1986091400032,198609,ins,A,0.0,-2.1536297779220224,0.1039925209089043,test
ins1986091400033,198609,ins,A,0.0,1.877585144309852,0.8673335048419567,test
ins1986091700012,198609,ins,A,0.0,-1.9067289661622897,0.12934878195963262,test
ins1986091900032,198609,ins,A,0.0,-1.441001825052058,0.19139025815233346,test
ins1986092300042,198609,ins,A,0.0,-1.3426176428634773,0.20707991772453505,test
ins1986092500032,198609,ins,A,0.0,-1.0051228372610934,0.26793540343130784,test
ins1986092600022,198609,ins,A,0.0,-0.9300923081857153,0.28290598755260854,test
ins1986092700043,198609,ins,A,0.0,-0.7771947785901663,0.3149247901839653,test
ins1986100300012,198610,ins,A,0.0,-1.510257766982273,0.18090059524095448,test
ins1986100300032,198610,ins,A,0.0,-3.826691554215382,0.021317236992622047,test
ins1986101000032,198610,ins,A,1.0,0.3163959201079212,0.5784456600304126,test
ins1986101300011,198610,ins,A,1.0,1.237333975873586,0.7750996132798245,test
ins1986101600043,198610,ins,A,0.0,-2.640242222227603,0.06659297785962663,test
ins1986101900012,198610,ins,A,0.0,-0.588213021890023,0.35704497502220034,test
ins1986102000033,198610,ins,A,0.0,-0.09506906009107963,0.4762506197745973,test
ins1986102300033,198610,ins,A,0.0,-1.0497166491081904,0.25927951567849067,test
ins1986102700012,198610,ins,A,0.0,-1.1399680828276375,0.24232622107575294,test
ins1986102800043,198610,ins,A,0.0,-2.127590328003292,0.10644396711404369,test
ins1986103000032,198610,ins,A,0.0,0.4858637174136541,0.6191315469413913,test
ins1986103100022,198610,ins,A,1.0,1.668704232401435,0.841402985224601,test
ins1986110400013,198611,ins,A,0.0,-2.394605056386028,0.08358501411733074,test
ins1986110600032,198611,ins,A,0.0,0.04922614322901084,0.5123040512959899,test
ins1986110800013,198611,ins,A,1.0,-1.430296621220798,0.1930524714186867,test
ins1986110900021,198611,ins,A,0.0,-1.0962710614029976,0.2504392369999845,test
ins1986111000032,198611,ins,A,0.0,-1.7669883956764671,0.1459172512671846,test
ins1986111600022,198611,ins,A,1.0,-1.0111700914119635,0.26675092443191567,test
ins1986111800023,198611,ins,A,1.0,-0.23499068251709387,0.44152118506764804,test
ins1986111900021,198611,ins,A,0.0,-1.6519924513941544,0.1608398458746267,test
ins1986112000023,198611,ins,A,1.0,4.571781127319134,0.9897662844881299,test
ins1986112200043,198611,ins,A,0.0,0.5148755020617695,0.6259487086595592,test
ins1986112300032,198611,ins,A,0.0,-3.2404337955090314,0.03767216097894842,test
ins1986112300041,198611,ins,A,0.0,-1.6592350279940349,0.15986471206219596,test
ins1986112700012,198611,ins,A,0.0,-2.1023901061582766,0.10886473248410826,test
ins1986112700023,198611,ins,A,0.0,-2.0201821931097426,0.11710015303378979,test
ins1986112700032,198611,ins,A,0.0,-2.0916649713446738,0.10990958527902389,test
ins1986112800042,198611,ins,A,0.0,-2.064692681035788,0.11257616521201472,test
ins1986113000011,198611,ins,A,0.0,0.07335759136080527,0.5183311780580415,test
ins1986113000033,198611,ins,A,0.0,-4.283422904748027,0.013607638684844365,test
ins1986120100043,198612,ins,A,1.0,0.3064112087785621,0.5760090370720963,test
ins1986120200042,198612,ins,A,1.0,0.26197258627978204,0.5651211352278833,test
ins1986120300032,198612,ins,A,0.0,-1.2801863084827958,0.2175185114201382,test
ins1986120800023,198612,ins,A,0.0,-1.8376656206791453,0.13732760948615128,test
ins1986120800042,198612,ins,A,0.0,-1.4392912595741048,0.19165512507020407,test
ins1986121000042,198612,ins,A,0.0,-1.5365792118362995,0.17703310707770356,test
ins1986121100033,198612,ins,A,0.0,-1.8962851016501379,0.13052950558012552,test
ins1986121400022,198612,ins,A,0.0,-0.6261739346354958,0.34837859190631904,test
ins1986121400032,198612,ins,A,0.0,-2.041959125433395,0.11486739178896126,test
ins1986121700012,198612,ins,A,1.0,-2.0102300908735278,0.11813300538843594,test
ins1986121700013,198612,ins,A,1.0,-0.966564384391567,0.2755658226454544,test
ins1986121700023,198612,ins,A,1.0,0.7825335059832761,0.6862258854483217,test
ins1986121700032,198612,ins,A,1.0,1.3056624063000533,0.7867864143037264,test
ins1986122000043,198612,ins,A,0.0,-1.4661817951324339,0.18752365611961075,test
ins1986122300033,198612,ins,A,0.0,-2.5745036425046863,0.07079745786672768,test
ins1986122500043,198612,ins,A,0.0,-2.045132637300861,0.11454512586768525,test
ins1986122800043,198612,ins,A,0.0,-1.1551655381214152,0.2395468415995889,test
ins1986123000011,198612,ins,A,0.0,-1.1531497137336244,0.239914245313095,test
ins1986123000031,198612,ins,A,0.0,0.06310816340366582,0.5157718067455856,test
ins1986123000032,198612,ins,A,0.0,-0.15082243721068356,0.4623657038878948,test
ins1987010100032,198701,ins,A,0.0,-2.212091223787917,0.09866993575446921,test
ins1987010200012,198701,ins,A,0.0,-1.5808299401582393,0.1706779743697839,test
ins1987010600023,198701,ins,A,0.0,0.5210809625286346,0.627400496745368,test
ins1987010600032,198701,ins,A,0.0,-2.826534347539467,0.05590703878209561,test
ins1987010700033,198701,ins,A,0.0,-2.3250036185048812,0.0890732341325604,test
ins1987010900023,198701,ins,A,0.0,-2.122426295594271,0.10693613623926473,test
ins1987011500013,198701,ins,A,0.0,0.059447439599771945,0.5148574846307993,test
ins1987011900012,198701,ins,A,0.0,-1.7600502552535389,0.14678404579760657,test
ins1987012100022,198701,ins,A,0.0,-1.3962799498607912,0.19840709087806246,test
ins1987012900011,198701,ins,A,1.0,1.2550892011597068,0.7781795828648331,test
ins1987020100042,198702,ins,A,0.0,-0.1978835014076154,0.4506899262297738,test
ins1987020500012,198702,ins,A,0.0,-1.9614878847038437,0.12330611450498934,test
ins1987020800042,198702,ins,A,0.0,-1.7035962897330839,0.15399615242181067,test
ins1987021100033,198702,ins,A,0.0,-0.41178797428687086,0.39848347604728807,test
ins1987021200023,198702,ins,A,0.0,-1.899793373081407,0.13013186223865622,test
ins1987021200042,198702,ins,A,1.0,0.9625710209963307,0.7236362709541161,test
ins1987021300013,198702,ins,A,0.0,-1.4681111975864702,0.18722987240039785,test
ins1987021500032,198702,ins,A,0.0,-1.1343453941215982,0.24336006560081505,test
ins1987021700013,198702,ins,A,1.0,-0.8928304806610919,0.2905260611343428,test
ins1987021800013,198702,ins,A,0.0,-1.3794700823486084,0.20109412033188484,test
ins1987021900032,198702,ins,A,1.0,-0.07424526865457354,0.48144720452732054,test
ins1987022200012,198702,ins,A,0.0,0.3596245698701927,0.5889495499739068,test
ins1987022200021,198702,ins,A,0.0,-1.1977287760068733,0.23187950101404375,test
ins1987022400032,198702,ins,A,0.0,-2.9689588674034715,0.0488480733231,test
ins1987030200011,198703,ins,A,0.0,-0.270166478282236,0.432866225315554,test
ins1987030600013,198703,ins,A,1.0,1.235012079847163,0.7746946013731899,test
ins1987030600023,198703,ins,A,1.0,-0.6068100737576696,0.35278720616459497,test
ins1987030600032,198703,ins,A,0.0,0.8409795050438349,0.6986714709739474,test
ins1987030900022,198703,ins,A,1.0,-1.5976929762017198,0.16830430028582602,test
ins1987031000043,198703,ins,A,0.0,-2.0103201958707557,0.11812361878920016,test
ins1987031100012,198703,ins,A,0.0,-1.9825786965524406,0.1210442156719636,test
ins1987031200022,198703,ins,A,0.0,-2.065969100314783,0.11244871043314154,test
ins1987031500042,198703,ins,A,0.0,-2.700967883131083,0.0629162676398067,test
ins1987031800013,198703,ins,A,1.0,1.654829718509254,0.839542732766551,test
ins1987031800032,198703,ins,A,1.0,-1.426778223071245,0.19360117080234696,test
ins1987031900021,198703,ins,A,1.0,-0.8220224015340593,0.30533452889886314,test
ins1987032700022,198703,ins,A,0.0,-1.6128584240605317,0.16619213711471886,test
ins1987032800033,198703,ins,A,1.0,3.111792169070956,0.9573765482509574,test
ins1987033000032,198703,ins,A,1.0,-0.5695013116522666,0.36135190254579713,test
ins1987033100021,198703,ins,A,1.0,0.18357306842329724,0.5457648199030046,test
ins1987040600012,198704,ins,A,0.0,-1.2093148560913358,0.22982230172404008,test
ins1987040800023,198704,ins,A,0.0,-1.6641518159259943,0.15920545203480446,test
ins1987041100012,198704,ins,A,0.0,-2.5262270537687055,0.07403989686779931,test
ins1987041300023,198704,ins,A,1.0,-1.1404828614084792,0.24223171809149313,test
ins1987041600032,198704,ins,A,0.0,-1.8754757849094634,0.13290939903095128,test
ins1987041800013,198704,ins,A,0.0,-1.7918360477048474,0.14284776615725314,test
ins1987041800023,198704,ins,A,0.0,-0.5998962708201592,0.354367425734368,test
ins1987041900013,198704,ins,A,0.0,-1.985703408034308,0.12071216322597401,test
ins1987042100012,198704,ins,A,0.0,-1.9854640787508626,0.1207375681184746,test
ins1987042500023,198704,ins,A,0.0,-3.298981417738993,0.03560614916828329,test
ins1987050400012,198705,ins,A,1.0,1.7370243361911668,0.8503087063225855,test
ins1987050400023,198705,ins,A,0.0,-2.3041363970074578,0.09078096530316053,test
ins1987050900013,198705,ins,A,0.0,-1.6666973641909517,0.15886500282253027,test
ins1987050900043,198705,ins,A,1.0,-0.594800490292987,0.3555341585595047,test
ins1987051600021,198705,ins,A,1.0,1.330578889745877,0.7909363738167349,test
ins1987051800013,198705,ins,A,0.0,-1.9299402089041708,0.12675719823953782,test
ins1987051900033,198705,ins,A,0.0,-2.3503623530497415,0.08703697500003318,test
ins1987052300012,198705,ins,A,0.0,-3.569679972725453,0.027393336128523797,test
ins1987052600022,198705,ins,A,0.0,-1.6101976780142977,0.16656117039197124,test
ins1987052600023,198705,ins,A,0.0,-3.107892568132997,0.04278286569423726,test
ins1987052600032,198705,ins,A,0.0,-1.8177130780664732,0.13970851179768573,test
ins1987052700032,198705,ins,A,0.0,-2.4363772159674073,0.08044048183051887,test
ins1987052900032,198705,ins,A,0.0,-2.8623373903915272,0.05404707444802359,test
ins1987053000041,198705,ins,A,0.0,-1.1449214446913223,0.2414179240796435,test
ins1987053100023,198705,ins,A,0.0,-0.28120981322810135,0.4301571992194186,test
ins1987060200012,198706,ins,A,0.0,-1.3452977241862676,0.20664019966314676,test
ins1987060200042,198706,ins,A,1.0,0.7332966200497393,0.6755282758631295,test
ins1987060200043,198706,ins,A,0.0,-2.635214851479329,0.06690615266233518,test
ins1987060400013,198706,ins,A,0.0,-2.1413747291086267,0.10513997713328471,test
ins1987061100012,198706,ins,A,0.0,-1.012314192251822,0.26652720390487766,test
ins1987061100023,198706,ins,A,0.0,-1.9152959848026072,0.12838704400405102,test
ins1987061600022,198706,ins,A,0.0,-1.27845550795385,0.2178132449817222,test
ins1987061700012,198706,ins,A,0.0,-2.592197822343339,0.06964224636243982,test
ins1987061800031,198706,ins,A,0.0,-1.0450003826243661,0.26018631967917116,test
ins1987061900012,198706,ins,A,0.0,-2.466159509224961,0.07826483768778608,test
ins1987062100041,198706,ins,A,0.0,-1.4091330994248432,0.1963708253513893,test
ins1987062200022,198706,ins,A,1.0,0.09056104420741296,0.5226248004285609,test
ins1987070100033,198707,ins,A,1.0,0.9033468376460363,0.7116367929119588,test
ins1987070200011,198707,ins,A,1.0,0.6420794719253694,0.6552233766856003,test
ins1987070200012,198707,ins,A,0.0,-2.6438468255545433,0.06636927138302057,test
ins1987070500032,198707,ins,A,0.0,0.6096022151319567,0.6478500566355172,test
ins1987070900012,198707,ins,A,0.0,-3.227001366852391,0.0381621620321898,test
ins1987070900032,198707,ins,A,0.0,-1.7470053738331215,0.1484253061407715,test
ins1987071200043,198707,ins,A,0.0,0.5121798691278299,0.625317347487385,test
ins1987071300022,198707,ins,A,0.0,-3.2471716915000943,0.037428651723721264,test
ins1987071400042,198707,ins,A,0.0,-1.5809670899629813,0.17065856210271466,test
ins1987071700032,198707,ins,A,0.0,-2.370297353215501,0.08546589500364243,test
ins1987071900032,198707,ins,A,0.0,-1.7246471177799447,0.15127355343465929,test
ins1987072300031,198707,ins,A,0.0,-1.117560012848542,0.2464641565475949,test
ins1987072500042,198707,ins,A,0.0,-1.5887049067660035,0.1695661855031379,test
ins1987072500043,198707,ins,A,0.0,-1.6251193312705512,0.1645000613750312,test
ins1987072600031,198707,ins,A,0.0,-1.2433044891578753,0.2238613153804662,test
ins1987072600043,198707,ins,A,1.0,-0.9308564746448856,0.2827509866795906,test
ins1987072900013,198707,ins,A,1.0,1.8254091254796916,0.8612139142014337,test
ins1987080400021,198708,ins,A,0.0,-0.8684460504698559,0.29557774942005555,test
ins1987080600031,198708,ins,A,1.0,0.23729333484977722,0.5590465267731548,test
ins1987080700023,198708,ins,A,1.0,-0.4000088550374486,0.40131021237150627,test
ins1987080900013,198708,ins,A,1.0,0.07852016551740493,0.5196199619787664,test
ins1987081100023,198708,ins,A,0.0,-1.659676085247317,0.15980548343722858,test
ins1987081300032,198708,ins,A,0.0,-1.1865360009256485,0.23387904160284193,test
ins1987081400043,198708,ins,A,0.0,-1.9831534052819781,0.12098308428112285,test
ins1987081600012,198708,ins,A,1.0,2.7076851764870287,0.9374786084229939,test
ins1987081900022,198708,ins,A,0.0,-0.45784443453597623,0.38749730830920875,test
ins1987082000032,198708,ins,A,1.0,-1.6746061916122947,0.15781101974004544,test
ins1987082000041,198708,ins,A,0.0,-1.5388920628559692,0.17669639396015482,test
ins1987082300023,198708,ins,A,0.0,-1.8156305087372195,0.13995900375762088,test
ins1987082500033,198708,ins,A,1.0,1.3207424576042734,0.7893052055980522,test
ins1987082600032,198708,ins,A,0.0,-1.2204846297710148,0.22785117598061233,test
ins1987082600033,198708,ins,A,0.0,-2.020410012413566,0.1170766013728729,test
ins1987082700013,198708,ins,A,0.0,-1.9745077478246875,0.12190553388803617,test
ins1987090100012,198709,ins,A,0.0,-1.8130157554258204,0.14027403927221144,test
ins1987090300011,198709,ins,A,1.0,0.8160795701511558,0.6934035085396971,test
ins1987090300032,198709,ins,A,0.0,-2.001256262883145,0.1190710855632335,test
ins1987090400033,198709,ins,A,0.0,-2.126294748431615,0.10656725726097245,test
ins1987090900011,198709,ins,A,0.0,-0.4844390644644635,0.38120445412720444,test
ins1987090900031,198709,ins,A,1.0,-0.5685289577992133,0.3615763294025961,test
ins1987090900033,198709,ins,A,0.0,-1.7721445150082116,0.1452758402372579,test
ins1987091200012,198709,ins,A,0.0,-2.1314793348474113,0.10607463522569364,test
ins1987091300012,198709,ins,A,0.0,-1.137087113045261,0.2428555718936617,test
ins1987091300043,198709,ins,A,0.0,-2.791485021765596,0.05778604744625739,test
ins1987091600032,198709,ins,A,0.0,-1.8221003159268054,0.139182042514544,test
ins1987091600033,198709,ins,A,0.0,-1.401319872604976,0.19760675112493914,test
ins1987091800022,198709,ins,A,0.0,-1.4468309687556031,0.19048976219350341,test
ins1987091800023,198709,ins,A,0.0,-0.9204234984558533,0.28487161142862083,test
ins1987092200033,198709,ins,A,0.0,-2.9161727908917032,0.05135985040788846,test
ins1987092300013,198709,ins,A,0.0,-2.72280478935145,0.06164103366900181,test
ins1987092400023,198709,ins,A,1.0,0.6889714607712579,0.6657380840349815,test
ins1987092800032,198709,ins,A,1.0,-1.6822460580215794,0.15679828279540325,test
ins1987093000021,198709,ins,A,0.0,-0.07599532919582475,0.48101030607068324,test
ins1987093000033,198709,ins,A,0.0,-1.8450385600488481,0.13645647998289664,test
ins1987100100012,198710,ins,A,1.0,0.16113509842664883,0.5401968379208488,test
ins1987100300033,198710,ins,A,0.0,-2.8393359225022774,0.05523518193977557,test
ins1987100500042,198710,ins,A,0.0,0.2536236265410155,0.5630681970018657,test
ins1987100700032,198710,ins,A,0.0,-1.952670229315291,0.12426248864365662,test
ins1987101200012,198710,ins,A,0.0,-1.944986294587662,0.12510108159446587,test
ins1987101200022,198710,ins,A,0.0,-2.246931209771722,0.0956145013471052,test
ins1987101500022,198710,ins,A,0.0,-2.1928045261087394,0.10039850853292523,test
ins1987101700032,198710,ins,A,0.0,-2.466350132145493,0.07825108736005784,test
ins1987102200032,198710,ins,A,0.0,-3.589681592643291,0.0268654418740678,test
ins1987102300022,198710,ins,A,1.0,-0.6009590880920548,0.3541243001990247,test
ins1987103100021,198710,ins,A,1.0,-0.25765313806334283,0.43594070610487884,test
ins1987110700021,198711,ins,A,0.0,-0.9983745823534395,0.2692611178727819,test
ins1987111500033,198711,ins,A,1.0,-1.254353000606962,0.22194752324296269,test
ins1987111700011,198711,ins,A,1.0,0.1087752843982363,0.5271670395379944,test
ins1987112000012,198711,ins,A,1.0,-1.0229457347878022,0.2644540044069715,test
ins1987112300013,198711,ins,A,0.0,-2.624866629061291,0.0675550918774397,test
ins1987120200022,198712,ins,A,0.0,-2.0406985714030785,0.11499561817459811,test
ins1987120800023,198712,ins,A,0.0,-2.470115399900028,0.07797993758014192,test
ins1987120900011,198712,ins,A,1.0,-0.549750337945954,0.3659223344335003,test
ins1987120900012,198712,ins,A,1.0,-1.3165249343765193,0.21139703484891156,test
ins1987120900022,198712,ins,A,0.0,-3.5138666132657796,0.028920248362315104,test
ins1987121300012,198712,ins,A,0.0,-2.179430795021348,0.1016128775296307,test
ins1987121400023,198712,ins,A,0.0,-3.111831592571163,0.04262184303537591,test
ins1987121800013,198712,ins,A,1.0,-0.7664056636090196,0.31725714579004893,test
ins1987121900041,198712,ins,A,1.0,-1.1067204342555108,0.24848280642090723,test
ins1987122300022,198712,ins,A,0.0,-2.5110860506397827,0.07508465176630648,test
ins1987122600013,198712,ins,A,0.0,-1.4937521350592426,0.18335922026342324,test
